class,family,genus,species,spanish_name,english_name
Magnoliopsida,Acanthaceae,Acanthus,mollis,Acanto,Bear's breeches
Magnoliopsida,Adoxaceae,Sambucus,ebulus,Yezgo,Dwarf elder
Magnoliopsida,Adoxaceae,Sambucus,nigra,Saúco,Elder
Magnoliopsida,Adoxaceae,Sambucus,racemosa,,Red-berried elder
Magnoliopsida,Adoxaceae,Viburnum,lantana,Morrionera,Wayfaring tree
Magnoliopsida,Adoxaceae,Viburnum,opulus,Mundillo,Guelder-rose
Magnoliopsida,Adoxaceae,Viburnum,tinus,Durillo,Laurustinus
Magnoliopsida,Aizoaceae,Mesembryanthemum,crystallinum,,Ice plant
Liliopsida,Alismataceae,Alisma,lanceolatum,,
Liliopsida,Alismataceae,Alisma,plantago-aquatica,Llantén de agua,Water plantain
Magnoliopsida,Amaranthaceae,Achyranthes,sicula,,
Magnoliopsida,Amaranthaceae,Achyranthes,aspera,Cadillo,Prickly chaff flower
Magnoliopsida,Amaranthaceae,Amaranthus,blitum,Bledo,Purple amaranth
Magnoliopsida,Amaranthaceae,Amaranthus,graecizans,,
Magnoliopsida,Amaranthaceae,Atriplex,campestris,,
Magnoliopsida,Amaranthaceae,Atriplex,halimus,Salado blanco,Sea purslane
Magnoliopsida,Amaranthaceae,Atriplex,littoralis,,Shore orache
Magnoliopsida,Amaranthaceae,Atriplex,patula,Orache,Common orache
Magnoliopsida,Amaranthaceae,Atriplex,rosea,,Rose orache
Magnoliopsida,Amaranthaceae,Chenopodium,album,Cenizo,Fat hen
Magnoliopsida,Amaranthaceae,Chenopodium,ambrosioides,Pazote,Mexican tea
Magnoliopsida,Amaranthaceae,Chenopodium,bonus-henricus,Bon Enrique,Good King Henry
Magnoliopsida,Amaranthaceae,Chenopodium,hybridum,,Maple-leaved goosefoot
Magnoliopsida,Amaranthaceae,Chenopodium,murale,Cenizo mural,Nettle-leaved goosefoot
Magnoliopsida,Amaranthaceae,Chenopodium,quinoa,Quinoa,Quinoa
Magnoliopsida,Amaranthaceae,Chenopodium,vulvaria,Cenizo hediondo,Stinking goosefoot
Magnoliopsida,Amaranthaceae,Dysphania,botrys,,
Magnoliopsida,Amaranthaceae,Dysphania,ambrosioides,Pazote,Mexican tea
Magnoliopsida,Amaranthaceae,Oxybasis,glauca,,
Magnoliopsida,Amaranthaceae,Sueda,vera,,
Magnoliopsida,Amaranthaceae,Sula,capillata,,
Magnoliopsida,Amaranthaceae,Sula,coronaria,,
Magnoliopsida,Amaranthaceae,Sula,perenne,,
Liliopsida,Amaryllidaceae,Allium,ampeloprasum,Ajoporro silvestre,Wild leek
Liliopsida,Amaryllidaceae,Allium,carinatum,Ajo quillado,Keeled garlic
Liliopsida,Amaryllidaceae,Allium,chamaemoly,,
Liliopsida,Amaryllidaceae,Allium,ericetorum,,
Liliopsida,Amaryllidaceae,Allium,fistulosum,Cebolleta,Welsh onion
Liliopsida,Amaryllidaceae,Allium,flavum,Ajo amarillo,Yellow garlic
Liliopsida,Amaryllidaceae,Allium,lusitanicum,Ajo ibérico,
Liliopsida,Amaryllidaceae,Allium,moly,Ajo amarillo,Lily leek
Liliopsida,Amaryllidaceae,Allium,neapolitanum,Ajo de Nápoles,Daffodil garlic
Liliopsida,Amaryllidaceae,Allium,nigrum,Ajo negro,Black garlic
Liliopsida,Amaryllidaceae,Allium,oleraceum,Ajo puerro silvestre,Field garlic
Liliopsida,Amaryllidaceae,Allium,pallens,,
Liliopsida,Amaryllidaceae,Allium,paniculatum,Ajo paniculado,
Liliopsida,Amaryllidaceae,Allium,porrum,Puerro,Leek
Liliopsida,Amaryllidaceae,Allium,pyrenaicum,,Pyrenean garlic
Liliopsida,Amaryllidaceae,Allium,roseum,Ajo rosado,Rosy garlic
Liliopsida,Amaryllidaceae,Allium,sativum,Ajo,Garlic
Liliopsida,Amaryllidaceae,Allium,schoenoprasum,Cebollino,Chives
Liliopsida,Amaryllidaceae,Allium,senerescens,,
Liliopsida,Amaryllidaceae,Allium,sphaerocephalon,Ajo de culebra,Round-headed leek
Liliopsida,Amaryllidaceae,Allium,ursinun,Ajo de oso,Ramsons
Liliopsida,Amaryllidaceae,Allium,victorialis,,
Liliopsida,Amaryllidaceae,Allium,vineale,Ajo de viña,Crow garlic
Liliopsida,Amaryllidaceae,Narcissus,assoanus,,
Liliopsida,Amaryllidaceae,Narcissus,bulbocodium,Narciso,Hoop-petticoat daffodil
Liliopsida,Amaryllidaceae,Narcissus,cantabricus,,
Liliopsida,Amaryllidaceae,Narcissus,minor,,
Liliopsida,Amaryllidaceae,Narcissus,obsoletus,,
Liliopsida,Amaryllidaceae,Narcissus,papyraceus,,Paper-white narcissus
Liliopsida,Amaryllidaceae,Narcissus,pseudonarcissus,Narciso,Wild daffodil
Liliopsida,Amaryllidaceae,Narcissus,serotinus,,
Magnoliopsida,Anacardiaceae,Rhus,coriaria,Zumaque,Tanner's sumach
Magnoliopsida,Apiaceae,Aegopodium,podagraria,Pie de cabra,Ground elder
Magnoliopsida,Apiaceae,Aethusa,cynapium,Perejil de perro,Fool's parsley
Magnoliopsida,Apiaceae,Ammi,majus,Biznaga mayor,Bullwort
Magnoliopsida,Apiaceae,Ammi,visnaga,Biznaga,Toothpick weed
Magnoliopsida,Apiaceae,Anethum,graveolens,Eneldo,Dill
Magnoliopsida,Apiaceae,Angelica,archangelica,Angélica,Angelica
Magnoliopsida,Apiaceae,Angelica,sylvestris,Angélica silvestre,Wild angelica
Magnoliopsida,Apiaceae,Anthriscus,cerefolium,Perifollo,Chervil
Magnoliopsida,Apiaceae,Anthriscus,nitidus,,
Magnoliopsida,Apiaceae,Anthriscus,sylvestris,Perifollo silvestre,Cow parsley
Magnoliopsida,Apiaceae,Apium,graveolens,Apio,Celery
Magnoliopsida,Apiaceae,Astrantia,major,Astrancia mayor,Greater masterwort
Magnoliopsida,Apiaceae,Athamanta,cretensis,,
Magnoliopsida,Apiaceae,Athamanta,turbith,,
Magnoliopsida,Apiaceae,Athamanta,villarsii,,
Magnoliopsida,Apiaceae,Bifora,radians,,
Magnoliopsida,Apiaceae,Bupleurum,baldense,,
Magnoliopsida,Apiaceae,Bupleurum,fruticosum,Matabuey,Shrubby hare's ear
Magnoliopsida,Apiaceae,Bupleurum,lancifolium,,
Magnoliopsida,Apiaceae,Bupleurum,praealtum,,
Magnoliopsida,Apiaceae,Bupleurum,ranunculoides,,
Magnoliopsida,Apiaceae,Bupleurum,rotundifolium,Perfoliata,Roundleaved hare's ear
Magnoliopsida,Apiaceae,Carum,carvi,Carvia,Caraway
Magnoliopsida,Apiaceae,Cervaria,minor,,
Magnoliopsida,Apiaceae,Cervaria,rivini,,
Magnoliopsida,Apiaceae,Chaerophyllum,aureum,,
Magnoliopsida,Apiaceae,Chaerophyllum,hirsutum,,Hairy chervil
Magnoliopsida,Apiaceae,Chaerophyllum,temulum,Perifollo cicutario,Rough chervil
Magnoliopsida,Apiaceae,Cicuta,virosa,Cicuta mayor,Cowbane
Magnoliopsida,Apiaceae,Coriandrum,sativum,Cilantro,Coriander
Magnoliopsida,Apiaceae,Crithmum,maritimum,Hinojo marino,Rock samphire
Magnoliopsida,Apiaceae,Cuminum,cyminum,Comino,Cumin
Magnoliopsida,Apiaceae,Daucus,carota,Zanahoria silvestre,Wild carrot
Magnoliopsida,Apiaceae,Eryngium,campestre,Cardo corredor,Field eryngo
Magnoliopsida,Apiaceae,Eryngium,maritimum,Cardo marino,Sea holly
Magnoliopsida,Apiaceae,Eryngium,planum,Eringio azul,Flat sea holly
Magnoliopsida,Apiaceae,Eryngium,spinalba,,
Magnoliopsida,Apiaceae,Ferula,communis,Cañaheja,Giant fennel
Magnoliopsida,Apiaceae,Heracleum,mantegazzianum,Heracleum gigante,Giant hogweed
Magnoliopsida,Apiaceae,Heracleum,sphondylium,Branca ursina,Hogweed
Magnoliopsida,Apiaceae,Laserpitium,gallicum,,
Magnoliopsida,Apiaceae,Laserpitium,latifolium,,
Magnoliopsida,Apiaceae,Laserpitium,nestleri,,
Magnoliopsida,Apiaceae,Laserpitium,siler,Siler,
Magnoliopsida,Apiaceae,Oenanthe,aquatica,Enante acuático,Fine-leaved water dropwort
Magnoliopsida,Apiaceae,Oenanthe,crocata,Enante azafranado,Hemlock water dropwort
Magnoliopsida,Apiaceae,Oenanthe,fistulosa,Enante fistuloso,Tubular water dropwort
Magnoliopsida,Apiaceae,Oenanthe,lachenalii,,Parsley water dropwort
Magnoliopsida,Apiaceae,Oenanthe,pimpinelloides,,Corky-fruited water dropwort
Magnoliopsida,Apiaceae,Osmorhiza,pyrenaicus,,
Magnoliopsida,Apiaceae,Pastinaca,sativa,Chirivía,Parsnip
Magnoliopsida,Apiaceae,Pastinaca,pimpinellifolia,,
Magnoliopsida,Apiaceae,Petroselinum,crispum,Perejil,Parsley
Magnoliopsida,Apiaceae,Peucedanum,cervaria,,
Magnoliopsida,Apiaceae,Peucedanum,oreoselinum,,Mountain parsley
Magnoliopsida,Apiaceae,Peucedanum,ostruthium,Imperatoria,Masterwort
Magnoliopsida,Apiaceae,Pimpinella,anisum,Anís,Anise
Magnoliopsida,Apiaceae,Pimpinella,major,,Greater burnet-saxifrage
Magnoliopsida,Apiaceae,Pimpinella,saxifraga,Pimpinela menor,Burnet-saxifrage
Magnoliopsida,Apiaceae,Sanicula,europaea,Sanícula,Sanicle
Magnoliopsida,Apiaceae,Selinum,carvifolia,,
Magnoliopsida,Apiaceae,Seseli,elatum,,
Magnoliopsida,Apiaceae,Seseli,hippomarathrum,,
Magnoliopsida,Apiaceae,Seseli,libanotis,,
Magnoliopsida,Apiaceae,Seseli,montanum,,
Magnoliopsida,Apiaceae,Seseli,outumnale,,
Magnoliopsida,Apiaceae,Tordylium,apulum,,
Magnoliopsida,Apiaceae,Tordylium,maximum,,
Magnoliopsida,Apocynaceae,Nerium,oleander,Adelfa,Oleander
Magnoliopsida,Apocynaceae,Vinca,difformis,,
Magnoliopsida,Apocynaceae,Vinca,minor,Vincapervinca,Lesser periwinkle
Magnoliopsida,Apocynaceae,Vinca,herbacea,,
Magnoliopsida,Apocynaceae,Vincetoxicum,hirundinaria,,
Magnoliopsida,Apocynaceae,Vincetoxicum,nigrum,,
Magnoliopsida,Aquifoliaceae,Ilex,canariensis,,
Magnoliopsida,Aquifoliaceae,Ilex,aquifolium,Acebo,Holly
Liliopsida,Araceae,Arum,cylindraceum,,
Liliopsida,Araceae,Arum,italicum,Yaro,Italian lords-and-ladies
Liliopsida,Araceae,Arum,maculatum,Aro,Lords-and-ladies
Liliopsida,Arecaceae,Chamaerops,humilis,Palmito,European fan palm
Magnoliopsida,Aristolochiaceae,Aristolochia,clematitis,Aristoloquia,Birthwort
Magnoliopsida,Aristolochiaceae,Aristolochia,rotunda,,Round-leaved birthwort
Magnoliopsida,Aristolochiaceae,Asarum,europaeum,Asaro,Wild ginger
Liliopsida,Asparagaceae,Asparagus,acutifolius,Espárrago triguero,Wild asparagus
Liliopsida,Asparagaceae,Asparagus,officinalis,Espárrago,Asparagus
Liliopsida,Asparagaceae,Asparagus,horridus,,
Liliopsida,Asparagaceae,Drimia,maritima,Cebolla albarrana,Sea squill
Liliopsida,Asparagaceae,Hyacinthus,orientalis,Jacinto,Hyacinth
Liliopsida,Asparagaceae,Muscari,comosum,Nazareno,Tassel grape hyacinth
Liliopsida,Asparagaceae,Muscari,neglectum,,Grape hyacinth
Liliopsida,Asphodelaceae,Asphodelus,albus,Asfódelo blanco,White asphodel
Liliopsida,Asphodelaceae,Asphodelus,fistulosus,Gamón fistuloso,Hollow-stemmed asphodel
Liliopsida,Asphodelaceae,Asphodelus,ramosus,Gamón,Branched asphodel
Polypodiopsida,Aspleniaceae,Asplenium,adiantum-nigrum,Culantrillo negro,Black spleenwort
Polypodiopsida,Aspleniaceae,Asplenium,ruta-muraria,Ruda de muros,Wall rue
Polypodiopsida,Aspleniaceae,Asplenium,trichomanes,Culantrillo de fuente,Maidenhair spleenwort
Magnoliopsida,Asteraceae,Achillea,ageratum,Hierba de ajo,Mace tansy
Magnoliopsida,Asteraceae,Achillea,clavennae,,
Magnoliopsida,Asteraceae,Achillea,filipendulina,Milenrama amarilla,Fernleaf yarrow
Magnoliopsida,Asteraceae,Achillea,millefolium,Milenrama,Yarrow
Magnoliopsida,Asteraceae,Achillea,nobilis,Milenrama noble,
Magnoliopsida,Asteraceae,Achillea,odoratum,,
Magnoliopsida,Asteraceae,Achillea,ptarmica,Ptármica,Sneezewort
Magnoliopsida,Asteraceae,Achillea,tomentosa,Milenrama tomentosa,Woolly yarrow
Magnoliopsida,Asteraceae,Adenostyles,alliariae,,
Magnoliopsida,Asteraceae,Adenostyles,alpina,,
Magnoliopsida,Asteraceae,Anacyclus,clavatus,,
Magnoliopsida,Asteraceae,Anacyclus,pyrethrum,Pelitre,Pellitory
Magnoliopsida,Asteraceae,Anacyclus,radiatus,,
Magnoliopsida,Asteraceae,Arctium,minus,Bardana menor,Lesser burdock
Magnoliopsida,Asteraceae,Arctium,tomentosum,Bardana tomentosa,
Magnoliopsida,Asteraceae,Arnica,montana,Árnica,Arnica
Magnoliopsida,Asteraceae,Artemisia,absinthium,Ajenjo,Wormwood
Magnoliopsida,Asteraceae,Artemisia,arborescens,Artemisia arborescente,Tree wormwood
Magnoliopsida,Asteraceae,Artemisia,annua,Ajenjo anual,Annual wormwood
Magnoliopsida,Asteraceae,Artemisia,campestris,Artemisia campestre,Field wormwood
Magnoliopsida,Asteraceae,Artemisia,herba-alba,Armojo,White wormwood
Magnoliopsida,Asteraceae,Artemisia,umbelliformis,,
Magnoliopsida,Asteraceae,Artemisia,vulgaris,Artemisia,Mugwort
Magnoliopsida,Asteraceae,Aster,alpinus,Aster alpino,Alpine aster
Magnoliopsida,Asteraceae,Aster,amellus,Aster,Italian aster
Magnoliopsida,Asteraceae,Aster,italicum,,
Magnoliopsida,Asteraceae,Aster,lusitanicus,,
Magnoliopsida,Asteraceae,Aster,pannonicus,,
Magnoliopsida,Asteraceae,Aster,tripolium,Aster marítimo,Sea aster
Magnoliopsida,Asteraceae,Aster,vulgare,,
Magnoliopsida,Asteraceae,Bellis,annua,Margarita anual,Annual daisy
Magnoliopsida,Asteraceae,Bellis,perennis,Margarita,Daisy
Magnoliopsida,Asteraceae,Bellis,sylvestris,Margarita silvestre,Southern daisy
Magnoliopsida,Asteraceae,Bidens,bipinnata,,
Magnoliopsida,Asteraceae,Bidens,cernua,,Nodding beggarticks
Magnoliopsida,Asteraceae,Bidens,tripartita,Bident,Trifid bur-marigold
Magnoliopsida,Asteraceae,Calendula,arvensis,Maravilla silvestre,Field marigold
Magnoliopsida,Asteraceae,Calendula,officinalis,Caléndula,Pot marigold
Magnoliopsida,Asteraceae,Calendula,stellata,,
Magnoliopsida,Asteraceae,Carduncellus,caeruleus,,
Magnoliopsida,Asteraceae,Carduus,acanthoides,,Welted thistle
Magnoliopsida,Asteraceae,Carduus,bourgeanus,,
Magnoliopsida,Asteraceae,Carduus,defloratus,,
Magnoliopsida,Asteraceae,Carduus,nutans,Cardo cabizbajo,Musk thistle
Magnoliopsida,Asteraceae,Carduus,pycnocephalus,Cardillo,
Magnoliopsida,Asteraceae,Carlina,acaulis,Carlina acaule,Stemless carline thistle
Magnoliopsida,Asteraceae,Carlina,biebersteinii,,
Magnoliopsida,Asteraceae,Carlina,corymbosa,,
Magnoliopsida,Asteraceae,Carlina,vulgaris,Carlina común,Carline thistle
Magnoliopsida,Asteraceae,Centaurea,ambigu,,
Magnoliopsida,Asteraceae,Centaurea,aplolepa,,
Magnoliopsida,Asteraceae,Centaurea,aspera,,Rough star-thistle
Magnoliopsida,Asteraceae,Centaurea,benedictus,,
Magnoliopsida,Asteraceae,Centaurea,decipiens,,
Magnoliopsida,Asteraceae,Centaurea,diluta,,
Magnoliopsida,Asteraceae,Centaurea,exarata,,
Magnoliopsida,Asteraceae,Centaurea,jacea,Jacea,Brown knapweed
Magnoliopsida,Asteraceae,Centaurea,macrocephala,,Big-headed knapweed
Magnoliopsida,Asteraceae,Centaurea,montana,Centaurea de montaña,Mountain cornflower
Magnoliopsida,Asteraceae,Centaurea,niger,,Black knapweed
Magnoliopsida,Asteraceae,Centaurea,prolongi,,
Magnoliopsida,Asteraceae,Centaurea,scabiosa,Centaurea mayor,Greater knapweed
Magnoliopsida,Asteraceae,Centaurea,solstitialis,,Yellow star-thistle
Magnoliopsida,Asteraceae,Chamaemelum,fuscatum,,
Magnoliopsida,Asteraceae,Chamaemelum,mixtum,,
Magnoliopsida,Asteraceae,Chamaemelum,nobile,Manzanilla romana,Roman chamomile
Magnoliopsida,Asteraceae,Chamomilla,recutita,Manzanilla,Chamomile
Magnoliopsida,Asteraceae,Chamomilla,suaveolens,Manzanilla de olor,Pineapple weed
Magnoliopsida,Asteraceae,Chondrilla,juncea,Amargón,Rush skeletonweed
Magnoliopsida,Asteraceae,Chrysanthemum,coronarium,Crisantemo amarillo,Crown daisy
Magnoliopsida,Asteraceae,Chrysanthemum,segetum,Magarza,Corn marigold
Magnoliopsida,Asteraceae,Cichorium,intybus,Achicoria,Chicory
Magnoliopsida,Asteraceae,Cineraria,alpina,,
Magnoliopsida,Asteraceae,Cirsium,acaule,Cardo acaule,Stemless thistle
Magnoliopsida,Asteraceae,Cirsium,arvense,Cardo de los campos,Creeping thistle
Magnoliopsida,Asteraceae,Cirsium,eriophorum,Cardo borriquero,Woolly thistle
Magnoliopsida,Asteraceae,Cirsium,erisithales,,
Magnoliopsida,Asteraceae,Cirsium,heterophyllum,,Melancholy thistle
Magnoliopsida,Asteraceae,Cirsium,monspessulanum,,
Magnoliopsida,Asteraceae,Cirsium,oleraceum,Cardo de huerta,Cabbage thistle
Magnoliopsida,Asteraceae,Cirsium,palustre,Cardo de la charca,Marsh thistle
Magnoliopsida,Asteraceae,Cirsium,rivulare,,
Magnoliopsida,Asteraceae,Cirsium,scabrum,,
Magnoliopsida,Asteraceae,Cirsium,spinosissimum,,
Magnoliopsida,Asteraceae,Cirsium,vulgare,Cardo común,Spear thistle
Magnoliopsida,Asteraceae,Cota,austriaca,Manzanilla austríaca,Austrian chamomile
Magnoliopsida,Asteraceae,Crepis,biennis,,Rough hawk's-beard
Magnoliopsida,Asteraceae,Crepis,capillaris,,Smooth hawk's-beard
Magnoliopsida,Asteraceae,Crepis,conyzifolia,,
Magnoliopsida,Asteraceae,Crepis,foetida,,Stinking hawk's-beard
Magnoliopsida,Asteraceae,Crepis,paludosa,,Marsh hawk's-beard
Magnoliopsida,Asteraceae,Crepis,pulchra,,
Magnoliopsida,Asteraceae,Crepis,setosa,,
Magnoliopsida,Asteraceae,Crepis,vesicaria,,
Magnoliopsida,Asteraceae,Dendranthema,grandiflorum,Crisantemo,Chrysanthemum
Magnoliopsida,Asteraceae,Dittrichia,viscosa,,False yellowhead
Magnoliopsida,Asteraceae,Doronicum,grandiflorum,,
Magnoliopsida,Asteraceae,Doronicum,pardalianches,Dorónico,
Magnoliopsida,Asteraceae,Echinops,bannnaticus,,Globe thistle
Magnoliopsida,Asteraceae,Echinops,exaltatus,,
Magnoliopsida,Asteraceae,Echinops,microcephalus,,
Magnoliopsida,Asteraceae,Echinops,orientalis,,
Magnoliopsida,Asteraceae,Echinops,ritro,Cardo de cabeza,Globe thistle
Magnoliopsida,Asteraceae,Erigeron,acer,,Blue fleabane
Magnoliopsida,Asteraceae,Erigeron,alpinus,,Alpine fleabane
Magnoliopsida,Asteraceae,Erigeron,annuus,,Annual fleabane
Magnoliopsida,Asteraceae,Filago,germanica,,Common cudweed
Magnoliopsida,Asteraceae,Filago,lutescens,,
Magnoliopsida,Asteraceae,Filago,minima,,Small cudweed
Magnoliopsida,Asteraceae,Filago,pyramidata,,Broad-leaved cudweed
Magnoliopsida,Asteraceae,Filago,vulgaris,,Common cudweed
Magnoliopsida,Asteraceae,Glebionis,coronaria,,Crown daisy
Magnoliopsida,Asteraceae,Glebionis,segetum,Magarza,Corn marigold
Magnoliopsida,Asteraceae,Helianthus,annuus,Girasol,Sunflower
Magnoliopsida,Asteraceae,Helianthus,tuberosus,Aguaturma,Jerusalem artichoke
Magnoliopsida,Asteraceae,Helichrysum,compactum,,
Magnoliopsida,Asteraceae,Helichrysum,italicum,Siempreviva italiana,Curry plant
Magnoliopsida,Asteraceae,Helichrysum,arenarium,Siempreviva arenosa,
Magnoliopsida,Asteraceae,Helichrysum,stoechas,Siempreviva,Shrubby everlasting
Magnoliopsida,Asteraceae,Hieracium,pilosella,Pelosilla,Mouse-ear hawkweed
Magnoliopsida,Asteraceae,Hieracium,sabaudum,,
Magnoliopsida,Asteraceae,Hieracium,umbellatum,,
Magnoliopsida,Asteraceae,Hypochaeris,achyrophorus,,
Magnoliopsida,Asteraceae,Hypochaeris,glabra,,Smooth cat's-ear
Magnoliopsida,Asteraceae,Hypochaeris,maculata,,Spotted cat's-ear
Magnoliopsida,Asteraceae,Hypochaeris,radicata,Chicoria silvestre,Cat's-ear
Magnoliopsida,Asteraceae,Inula,conyza,,Ploughman's spikenard
Magnoliopsida,Asteraceae,Inula,germanica,,
Magnoliopsida,Asteraceae,Inula,hirta,,
Magnoliopsida,Asteraceae,Inula,helenium,Énula,Elecampane
Magnoliopsida,Asteraceae,Inula,salicina,,Willow-leaved inula
Magnoliopsida,Asteraceae,Lactuca,muralis,,Wall lettuce
Magnoliopsida,Asteraceae,Lactuca,saligna,,Least lettuce
Magnoliopsida,Asteraceae,Lactuca,sativa,Lechuga,Lettuce
Magnoliopsida,Asteraceae,Lactuca,serriola,Lechuga silvestre,Prickly lettuce
Magnoliopsida,Asteraceae,Lactuca,virosa,Lechuga amarga,Great lettuce
Magnoliopsida,Asteraceae,Laphangium,luteoalbum,,
Magnoliopsida,Asteraceae,Leontodon,hispidus,,Rough hawkbit
Magnoliopsida,Asteraceae,Leontodon,nudicaulis,,
Magnoliopsida,Asteraceae,Leontodon,saxatilis,,Lesser hawkbit
Magnoliopsida,Asteraceae,Leontodon,tuberosus,,
Magnoliopsida,Asteraceae,Leucanthemum,gracilicaule,,
Magnoliopsida,Asteraceae,Leucanthemum,maximum,,
Magnoliopsida,Asteraceae,Leucanthemum,monspeliense,,
Magnoliopsida,Asteraceae,Leucanthemum,vulgare,Margarita mayor,Ox-eye daisy
Magnoliopsida,Asteraceae,Matricaria,chamomilla,Manzanilla,Chamomile
Magnoliopsida,Asteraceae,Matricaria,discoidea,,Pineapple mayweed
Magnoliopsida,Asteraceae,Onopordum,acanthium,Cardo borriquero,Cotton thistle
Magnoliopsida,Asteraceae,Onopordum,macrolepis,,
Magnoliopsida,Asteraceae,Petasites,hybridus,Pesite,Butterbur
Magnoliopsida,Asteraceae,Picris,hieracioides,,Hawkweed oxtongue
Magnoliopsida,Asteraceae,Reichardia,picroides,,
Magnoliopsida,Asteraceae,Santolina,chamaecyparissus,Santolina,Lavender cotton
Magnoliopsida,Asteraceae,Santolina,rosmarinifolia,Boja,
Magnoliopsida,Asteraceae,Scorzonera,austriaca,,
Magnoliopsida,Asteraceae,Scorzonera,crocifolia,,
Magnoliopsida,Asteraceae,Scorzonera,hispanica,Escorzonera,Black salsify
Magnoliopsida,Asteraceae,Scorzonera,humilis,,
Magnoliopsida,Asteraceae,Senecio,aquaticus,,Marsh ragwort
Magnoliopsida,Asteraceae,Senecio,erucifolius,,Hoary ragwort
Magnoliopsida,Asteraceae,Senecio,inaequidens,,
Magnoliopsida,Asteraceae,Senecio,jacobaea,Hierba de Santiago,Common ragwort
Magnoliopsida,Asteraceae,Senecio,ovatus,,
Magnoliopsida,Asteraceae,Senecio,squalidus,,Oxford ragwort
Magnoliopsida,Asteraceae,Senecio,sylvaticus,,
Magnoliopsida,Asteraceae,Senecio,viscosus,,Sticky groundsel
Magnoliopsida,Asteraceae,Senecio,vulgaris,Hierba cana,Groundsel
Magnoliopsida,Asteraceae,Serratula,tinctoria,Serrátula,Sawwort
Magnoliopsida,Asteraceae,Silybum,marianum,Cardo mariano,Milk thistle
Magnoliopsida,Asteraceae,Solidago,alpestris,,
Magnoliopsida,Asteraceae,Solidago,canadensis,Vara de oro canadiense,Canadian goldenrod
Magnoliopsida,Asteraceae,Solidago,virgaurea,Vara de oro,Goldenrod
Magnoliopsida,Asteraceae,Tanacetum,balsamita,Hierba de Santa María,Costmary
Magnoliopsida,Asteraceae,Tanacetum,cinerariifolium,Piretro dálmata,Pyrethrum
Magnoliopsida,Asteraceae,Tanacetum,coccineum,,Painted daisy
Magnoliopsida,Asteraceae,Tanacetum,corymbosum,,
Magnoliopsida,Asteraceae,Tanacetum,parthenium,Matricaria,Feverfew
Magnoliopsida,Asteraceae,Tanacetum,vulgare,Tanaceto,Tansy
Magnoliopsida,Asteraceae,Taraxacum,officinale,Diente de león,Dandelion
Magnoliopsida,Asteraceae,Taraxacum,obovatum,,
Magnoliopsida,Asteraceae,Tephroseris,helenitis,,
Magnoliopsida,Asteraceae,Tolpis,barbata,,
Magnoliopsida,Asteraceae,Tolpis,staticifolia,,
Magnoliopsida,Asteraceae,Tragopogon,crocifolius,,
Magnoliopsida,Asteraceae,Tragopogon,pratensis,Salsifí,Meadow salsify
Magnoliopsida,Asteraceae,Urospermum,dalechampii,,
Magnoliopsida,Asteraceae,Xanthium,strumarium,Bardana menor,Common cocklebur
Magnoliopsida,Asteraceae,Xeranthemum,cylindraceum,,
Magnoliopsida,Asteraceae,Xeranthemum,inapertum,,
Magnoliopsida,Balsaminaceae,Impatiens,noli-tangere,,Touch-me-not balsam
Magnoliopsida,Berberidaceae,Berberis,vulgaris,Agracejo,Barberry
Magnoliopsida,Betulaceae,Alnus,cordata,,Italian alder
Magnoliopsida,Betulaceae,Alnus,glutinosa,Aliso,Common alder
Magnoliopsida,Betulaceae,Alnus,incana,Aliso blanco,Grey alder
Magnoliopsida,Betulaceae,Betula,pendula,Abedul común,Silver birch
Magnoliopsida,Betulaceae,Betula,pubescens,Abedul pubescente,Downy birch
Magnoliopsida,Betulaceae,Betula,ximenia,,
Magnoliopsida,Betulaceae,Carpinus,betulus,Carpe,Hornbeam
Magnoliopsida,Betulaceae,Carpinus,orientalis,,Eastern hornbeam
Magnoliopsida,Betulaceae,Corylus,avellana,Avellano,Hazel
Magnoliopsida,Betulaceae,Ostrya,carpinifolia,Ostrya,Hop hornbeam
Magnoliopsida,Bignoniaceae,Jacaranda,mimosifolia,Jacaranda,Jacaranda
Polypodiopsida,Blechnaceae,Blechnum,spicant,Blechno,Hard fern
Magnoliopsida,Boraginaceae,Aegonychon,purpurocaeruleum,,
Magnoliopsida,Boraginaceae,Alkanna,graeca,,
Magnoliopsida,Boraginaceae,Alkanna,orientalis,,
Magnoliopsida,Boraginaceae,Alkanna,tinctoria,Alkana,Dyer's bugloss
Magnoliopsida,Boraginaceae,Anchusa,arvensis,Lengua de buey menor,Small bugloss
Magnoliopsida,Boraginaceae,Anchusa,azurea,Lengua de buey,Italian bugloss
Magnoliopsida,Boraginaceae,Anchusa,officinalis,Lengua de buey,Common bugloss
Magnoliopsida,Boraginaceae,Arnebia,hispidissima,,
Magnoliopsida,Boraginaceae,Borago,officinalis,Borraja,Borage
Magnoliopsida,Boraginaceae,Echium,angustifolium,,
Magnoliopsida,Boraginaceae,Echium,creticum,,
Magnoliopsida,Boraginaceae,Echium,italicum,Lengua de buey,Pale bugloss
Magnoliopsida,Boraginaceae,Echium,lusitanicum,,
Magnoliopsida,Boraginaceae,Echium,plantagineum,Viborera morada,Purple viper's bugloss
Magnoliopsida,Boraginaceae,Echium,vulgare,Viborera,Viper's bugloss
Magnoliopsida,Boraginaceae,Lappula,squarrosa,,
Magnoliopsida,Boraginaceae,Lycopsis,arvensis,,
Magnoliopsida,Boraginaceae,Myosotis,alpestris,,Alpine forget-me-not
Magnoliopsida,Boraginaceae,Myosotis,arvensis,Nomeolvides,Field forget-me-not
Magnoliopsida,Boraginaceae,Myosotis,discolor,,Changing forget-me-not
Magnoliopsida,Boraginaceae,Myosotis,ramosissima,,Early forget-me-not
Magnoliopsida,Boraginaceae,Myosotis,scorpioides,,
Magnoliopsida,Boraginaceae,Myosotis,stricta,,
Magnoliopsida,Boraginaceae,Myosotis,sylvatica,,Wood forget-me-not
Magnoliopsida,Boraginaceae,Onosma,frutescens,,
Magnoliopsida,Boraginaceae,Onosma,visianii,,
Magnoliopsida,Boraginaceae,Symphytum,officinale,Consuelda,Comfrey
Magnoliopsida,Brassicaceae,Aethionema,grandiflorum,,
Magnoliopsida,Brassicaceae,Aethionema,saxatile,,
Magnoliopsida,Brassicaceae,Aethionema,schistosum,,
Magnoliopsida,Brassicaceae,Alyssoides,utriculata,,
Magnoliopsida,Brassicaceae,Alyssum,alyssoides,Cestillo de plata,Small alison
Magnoliopsida,Brassicaceae,Alyssum,montanum,,Mountain alison
Magnoliopsida,Brassicaceae,Arabis,alpina,Arabis alpina,Alpine rock-cress
Magnoliopsida,Brassicaceae,Arabis,caucasica,,Wall rock-cress
Magnoliopsida,Brassicaceae,Arabis,glabra,,Tower mustard
Magnoliopsida,Brassicaceae,Arabis,hirsuta,Arabis hirsuta,Hairy rock-cress
Magnoliopsida,Brassicaceae,Arabis,purpurea,,
Magnoliopsida,Brassicaceae,Arabis,recta,,
Magnoliopsida,Brassicaceae,Arabis,sagittata,,
Magnoliopsida,Brassicaceae,Arabis,turrita,,Tower cress
Magnoliopsida,Brassicaceae,Arabis,verna,,Spring rock-cress
Magnoliopsida,Brassicaceae,Aubrieta,gracilis,,
Magnoliopsida,Brassicaceae,Aubrietia,deltoidea,Aubrieta,Aubrieta
Magnoliopsida,Brassicaceae,Barbarea,bracteosa,,
Magnoliopsida,Brassicaceae,Barbarea,stricta,,
Magnoliopsida,Brassicaceae,Barbarea,vulgaris,Bárbara,Winter cress
Magnoliopsida,Brassicaceae,Berteroa,incana,Aliso,Hoary alyssum
Magnoliopsida,Brassicaceae,Brassica,napus,Nabo / Colza,Rape
Magnoliopsida,Brassicaceae,Brassica,nigra,Mostaza negra,Black mustard
Magnoliopsida,Brassicaceae,Brassica,oleracea,Col,Cabbage
Magnoliopsida,Brassicaceae,Brassica,tournefortii,,
Magnoliopsida,Brassicaceae,Cardamine,bulbifera,Mastuerzo de bosque,Coralroot
Magnoliopsida,Brassicaceae,Cardamine,flexuosa,,Wavy bittercress
Magnoliopsida,Brassicaceae,Cardamine,heptaphylla,,
Magnoliopsida,Brassicaceae,Cardamine,hirsuta,Mastuerzo hirsuto,Hairy bittercress
Magnoliopsida,Brassicaceae,Cardamine,pratensis,Cardamina de prado,Cuckooflower
Magnoliopsida,Brassicaceae,Cochlearia,danica,Coclearia de Dinamarca,Danish scurvygrass
Magnoliopsida,Brassicaceae,Cochlearia,officinalis,Coclearia,Common scurvygrass
Magnoliopsida,Brassicaceae,Descurainia,sophia,,Flixweed
Magnoliopsida,Brassicaceae,Diplotaxis,erucoides,Rabanillo blanco,White wall-rocket
Magnoliopsida,Brassicaceae,Diplotaxis,harra,,
Magnoliopsida,Brassicaceae,Diplotaxis,muralis,,Annual wall-rocket
Magnoliopsida,Brassicaceae,Diplotaxis,tenuifolia,,Perennial wall-rocket
Magnoliopsida,Brassicaceae,Draba,aizoides,,Yellow whitlowgrass
Magnoliopsida,Brassicaceae,Draba,dubia,,
Magnoliopsida,Brassicaceae,Draba,hispanica,,
Magnoliopsida,Brassicaceae,Draba,incana,,Hoary whitlowgrass
Magnoliopsida,Brassicaceae,Draba,ladrina,,
Magnoliopsida,Brassicaceae,Draba,muralis,,Wall whitlowgrass
Magnoliopsida,Brassicaceae,Draba,tomentosa,,
Magnoliopsida,Brassicaceae,Eruca,vesicaria,Rúcula,Rocket
Magnoliopsida,Brassicaceae,Erysimum,cheiranthoides,,Treacle mustard
Magnoliopsida,Brassicaceae,Erysimum,cheiri,Alhelí,Wallflower
Magnoliopsida,Brassicaceae,Hesperis,matronalis,Juliana,Dame's rocket
Magnoliopsida,Brassicaceae,Hormathophylla,lapeyreusiana,,
Magnoliopsida,Brassicaceae,Hornungia,alpina,,
Magnoliopsida,Brassicaceae,Hornungia,petraea,,
Magnoliopsida,Brassicaceae,Iberis,amara,Carraspique amargo,Wild candytuft
Magnoliopsida,Brassicaceae,Iberis,pinnata,,
Magnoliopsida,Brassicaceae,Iberis,saxatilis,,
Magnoliopsida,Brassicaceae,Iberis,sempervirens,Carraspique,Evergreen candytuft
Magnoliopsida,Brassicaceae,Iberis,umbellata,Carraspique umbilicado,Globe candytuft
Magnoliopsida,Brassicaceae,Isatis,lusitanica,,
Magnoliopsida,Brassicaceae,Isatis,tinctoria,Glasto,Woad
Magnoliopsida,Brassicaceae,Lepidium,campestre,Mastuerzo,Field pepperwort
Magnoliopsida,Brassicaceae,Lepidium,graminifolium,,
Magnoliopsida,Brassicaceae,Lepidium,latifolium,Rompepiedras,Dittander
Magnoliopsida,Brassicaceae,Lepidium,nucicale,,
Magnoliopsida,Brassicaceae,Lepidium,sativum,Mastuerzo,Garden cress
Magnoliopsida,Brassicaceae,Lepidium,subulatum,,
Magnoliopsida,Brassicaceae,Lepidium,virginicum,,
Magnoliopsida,Brassicaceae,Odontarrhena,argentea,,
Magnoliopsida,Brassicaceae,Odontarrhena,bertolonii,,
Magnoliopsida,Brassicaceae,Raphanus,raphanistrum,Rabanillo,Wild radish
Magnoliopsida,Brassicaceae,Raphanus,sativus,Rábano,Radish
Magnoliopsida,Brassicaceae,Rapistrum,rugosum,,Bastard cabbage
Magnoliopsida,Brassicaceae,Rorippa,columbiae,,
Magnoliopsida,Brassicaceae,Rorippa,palustris,,Marsh yellow-cress
Magnoliopsida,Brassicaceae,Rorippa,sylvestris,,Creeping yellow-cress
Magnoliopsida,Brassicaceae,Sinapis,arvensis,Mostaza silvestre,Charlock
Magnoliopsida,Brassicaceae,Sinapis,alba,Mostaza blanca,White mustard
Magnoliopsida,Brassicaceae,Teesdalia,microsepalum,,
Magnoliopsida,Buxaceae,Buxus,sempervirens,Boj,Box
Magnoliopsida,Campanulaceae,Campanula,cochleariifolia,,Fairy thimbles
Magnoliopsida,Campanulaceae,Campanula,glomerata,Campanilla aglomerada,Clustered bellflower
Magnoliopsida,Campanulaceae,Campanula,medium,Campanilla,Canterbury bells
Magnoliopsida,Campanulaceae,Campanula,persicifolia,Campanilla melocotonera,Peach-leaved bellflower
Magnoliopsida,Campanulaceae,Campanula,rapunculoides,,Creeping bellflower
Magnoliopsida,Campanulaceae,Campanula,rapunculus,Rapónchigo,Rampion bellflower
Magnoliopsida,Campanulaceae,Campanula,rotundifolia,Campanilla,Harebell
Magnoliopsida,Campanulaceae,Campanula,scheuchzeri,,
Magnoliopsida,Campanulaceae,Campanula,speciosa,,
Magnoliopsida,Campanulaceae,Campanula,trachelium,Campanilla,Nettle-leaved bellflower
Magnoliopsida,Campanulaceae,Jasione,laevis,,
Magnoliopsida,Campanulaceae,Jasione,montana,Botón azul,Sheep's bit
Magnoliopsida,Campanulaceae,Legousia,falcata,,
Magnoliopsida,Campanulaceae,Legousia,speculum-veneris,Espejito de Venus,Venus's looking-glass
Magnoliopsida,Cannabaceae,Cannabis,sativa,Cáñamo,Hemp
Magnoliopsida,Cannabaceae,Celtis,australis,Almez,Nettle tree
Magnoliopsida,Cannabaceae,Humulus,lupulus,Lúpulo,Hop
Magnoliopsida,Caprifoliaceae,Caprifolium,perfoliatum,,
Magnoliopsida,Caprifoliaceae,Lonicera,caprifolium,Madreselva,Italian honeysuckle
Magnoliopsida,Caprifoliaceae,Lonicera,etrusca,,Etruscan honeysuckle
Magnoliopsida,Caprifoliaceae,Lonicera,implexa,,
Magnoliopsida,Caprifoliaceae,Lonicera,nigra,,
Magnoliopsida,Caprifoliaceae,Lonicera,periclymenum,Madreselva,Honeysuckle
Magnoliopsida,Caprifoliaceae,Lonicera,xylosteum,,Fly honeysuckle
Magnoliopsida,Caryophyllaceae,Arenaria,pseudoanatolianum,,
Magnoliopsida,Caryophyllaceae,Arenaria,serpyllifolia,Arenaria,Thyme-leaved sandwort
Magnoliopsida,Caryophyllaceae,Cerastium,brachypetalum,,Grey mouse-ear
Magnoliopsida,Caryophyllaceae,Cerastium,dubium,,
Magnoliopsida,Caryophyllaceae,Cerastium,glomeratum,Cerastio,Sticky mouse-ear
Magnoliopsida,Caryophyllaceae,Cerastium,purpurascens,,
Magnoliopsida,Caryophyllaceae,Cerastium,semidecandrum,,Little mouse-ear
Magnoliopsida,Caryophyllaceae,Cerastium,sylvaticum,,
Magnoliopsida,Caryophyllaceae,Cerastium,tomentosum,,Snow-in-summer
Magnoliopsida,Caryophyllaceae,Dianthus,armeria,Clavel silvestre,Deptford pink
Magnoliopsida,Caryophyllaceae,Dianthus,barbatus,Clavel del poeta,Sweet William
Magnoliopsida,Caryophyllaceae,Dianthus,carthusianorum,Clavel cartujo,Carthusian pink
Magnoliopsida,Caryophyllaceae,Dianthus,caryophyllus,Clavel,Carnation
Magnoliopsida,Caryophyllaceae,Dianthus,deltoides,Clavel deltoide,Maiden pink
Magnoliopsida,Caryophyllaceae,Dianthus,hyssopifolius,,
Magnoliopsida,Caryophyllaceae,Dianthus,lusitanus,,
Magnoliopsida,Caryophyllaceae,Dianthus,seguieri,,
Magnoliopsida,Caryophyllaceae,Dianthus,superbus,Clavel magnífico,Superb pink
Magnoliopsida,Caryophyllaceae,Dianthus,sylvestris,Clavel silvestre,Wood pink
Magnoliopsida,Caryophyllaceae,Gypsophila,bermejae,,
Magnoliopsida,Caryophyllaceae,Gypsophila,elegans,Velo de novia,Annual baby's breath
Magnoliopsida,Caryophyllaceae,Gypsophila,paniculata,Velo de novia,Baby's breath
Magnoliopsida,Caryophyllaceae,Gypsophila,plosa,,
Magnoliopsida,Caryophyllaceae,Herniaria,hirsuta,,Hairy rupturewort
Magnoliopsida,Caryophyllaceae,Lychnis,coronaria,Coronaria,Rose campion
Magnoliopsida,Caryophyllaceae,Lychnis,flos-jovis,,Flower of Jove
Magnoliopsida,Caryophyllaceae,Lychnis,viscaria,Lychnis glutinosa,Sticky catchfly
Magnoliopsida,Caryophyllaceae,Minuartia,capillacea,,
Magnoliopsida,Caryophyllaceae,Minuartia,laricifolia,,
Magnoliopsida,Caryophyllaceae,Minuartia,verna,,Spring sandwort
Magnoliopsida,Caryophyllaceae,Moehringia,muscosa,,
Magnoliopsida,Caryophyllaceae,Moehringia,trinervia,,Three-nerved sandwort
Magnoliopsida,Caryophyllaceae,Paronychia,argentea,,
Magnoliopsida,Caryophyllaceae,Paronychia,capitata,,
Magnoliopsida,Caryophyllaceae,Petrorhagia,saxifraga,,
Magnoliopsida,Caryophyllaceae,Saponaria,bellidifolia,,
Magnoliopsida,Caryophyllaceae,Saponaria,ocymoides,Jabonera roja,Rock soapwort
Magnoliopsida,Caryophyllaceae,Saponaria,officinalis,Jabonera,Soapwort
Magnoliopsida,Caryophyllaceae,Saponaria,pumilio,,
Magnoliopsida,Caryophyllaceae,Scleranthus,annuus,,Annual knawel
Magnoliopsida,Caryophyllaceae,Scleranthus,perennis,,Perennial knawel
Magnoliopsida,Caryophyllaceae,Silene,acaulis,Tapizante,Moss campion
Magnoliopsida,Caryophyllaceae,Silene,alba,,White campion
Magnoliopsida,Caryophyllaceae,Silene,armeria,,Sweet william catchfly
Magnoliopsida,Caryophyllaceae,Silene,baccifera,,
Magnoliopsida,Caryophyllaceae,Silene,cebennensis,,
Magnoliopsida,Caryophyllaceae,Silene,colorata,,
Magnoliopsida,Caryophyllaceae,Silene,compacta,,
Magnoliopsida,Caryophyllaceae,Silene,conica,,Cone silene
Magnoliopsida,Caryophyllaceae,Silene,coronaria,,Rose campion
Magnoliopsida,Caryophyllaceae,Silene,dichotoma,,
Magnoliopsida,Caryophyllaceae,Silene,dioica,Colleja roja,Red campion
Magnoliopsida,Caryophyllaceae,Silene,flos-cuculi,Flor del cuclillo,Ragged robin
Magnoliopsida,Caryophyllaceae,Silene,flos-jovis,,
Magnoliopsida,Caryophyllaceae,Silene,gallica,,Small-flowered catchfly
Magnoliopsida,Caryophyllaceae,Silene,hifacensis,,
Magnoliopsida,Caryophyllaceae,Silene,latifolia,Colleja,White campion
Magnoliopsida,Caryophyllaceae,Silene,legionensis,,
Magnoliopsida,Caryophyllaceae,Silene,longicaulis,,
Magnoliopsida,Caryophyllaceae,Silene,naceflora,,
Magnoliopsida,Caryophyllaceae,Silene,nocturna,,
Magnoliopsida,Caryophyllaceae,Silene,nutans,,Nottingham catchfly
Magnoliopsida,Caryophyllaceae,Silene,otites,,Spanish catchfly
Magnoliopsida,Caryophyllaceae,Silene,palestina,,
Magnoliopsida,Caryophyllaceae,Silene,pendula,,
Magnoliopsida,Caryophyllaceae,Silene,rupestris,,
Magnoliopsida,Caryophyllaceae,Silene,saxifraga,,
Magnoliopsida,Caryophyllaceae,Silene,sennenii,,
Magnoliopsida,Caryophyllaceae,Silene,tatarora,,
Magnoliopsida,Caryophyllaceae,Silene,tomentosa,,
Magnoliopsida,Caryophyllaceae,Silene,uniflora,,Sea campion
Magnoliopsida,Caryophyllaceae,Silene,vulgaris,Colleja,Bladder campion
Magnoliopsida,Caryophyllaceae,Silene,widrifida,,
Magnoliopsida,Caryophyllaceae,Spergula,arvensis,Espérgula,Corn spurrey
Magnoliopsida,Caryophyllaceae,Spergularia,media,,Greater sea-spurrey
Magnoliopsida,Caryophyllaceae,Spergularia,rubra,Esparguina roja,Sand spurrey
Magnoliopsida,Caryophyllaceae,Stellaria,dolce,,
Magnoliopsida,Caryophyllaceae,Stellaria,graminea,,Lesser stitchwort
Magnoliopsida,Caryophyllaceae,Stellaria,holostea,Alsine mayor,Greater stitchwort
Magnoliopsida,Caryophyllaceae,Stellaria,media,Pamplina,Chickweed
Magnoliopsida,Caryophyllaceae,Stellaria,nemorum,,Wood stitchwort
Magnoliopsida,Caryophyllaceae,Telephium,imperati,,
Magnoliopsida,Caryophyllaceae,Velezio,rigida,,
Magnoliopsida,Celastraceae,Euonymus,europaeus,Bonetero,Spindle
Magnoliopsida,Celastraceae,Euonymus,latifolius,,Broad-leaved spindle
Magnoliopsida,Cleomaceae,Cleome,violacea,,
Liliopsida,Colchicaceae,Androcymbium,gramineum,,
Liliopsida,Colchicaceae,Colchicum,autumnale,Quitameriendas,Meadow saffron
Magnoliopsida,Convolvulaceae,Calystegia,sepium,Correhuela mayor,Hedge bindweed
Magnoliopsida,Convolvulaceae,Convolvulus,arvensis,Correhuela,Field bindweed
Magnoliopsida,Convolvulaceae,Convolvulus,cantabricus,,
Magnoliopsida,Convolvulaceae,Convolvulus,humilis,,
Magnoliopsida,Convolvulaceae,Convolvulus,lineatus,,
Magnoliopsida,Convolvulaceae,Convolvulus,siculus,,
Magnoliopsida,Convolvulaceae,Convolvulus,soldanella,,Sea bindweed
Magnoliopsida,Convolvulaceae,Convolvulus,tricolor,Campanilla tricolor,Dwarf morning glory
Magnoliopsida,Convolvulaceae,Cuscuta,epithymum,Cuscuta del tomillo,Dodder
Magnoliopsida,Convolvulaceae,Cuscuta,europaea,Cuscuta europea,Greater dodder
Magnoliopsida,Cornaceae,Cornus,mas,Cornejo macho,Cornelian cherry
Magnoliopsida,Cornaceae,Cornus,sanguinea,Cornejo sanguíneo,Dogwood
Magnoliopsida,Crassulaceae,Aeonium,arboreum,Bejeque arbóreo,Tree houseleek
Magnoliopsida,Crassulaceae,Cotyledon,umbilicus-veneris,Ombligo de Venus,Navelwort
Magnoliopsida,Crassulaceae,Crassula,campestris,,
Magnoliopsida,Crassulaceae,Crassula,vaillantii,,
Magnoliopsida,Crassulaceae,Rhodiola,rosea,,Roseroot
Magnoliopsida,Crassulaceae,Sedum,acre,Pimentilla,Biting stonecrop
Magnoliopsida,Crassulaceae,Sedum,album,Sedo blanco,White stonecrop
Magnoliopsida,Crassulaceae,Sedum,alpestre,,Alpine stonecrop
Magnoliopsida,Crassulaceae,Sedum,apeninum,,
Magnoliopsida,Crassulaceae,Sedum,dasyphyllum,,Thick-leaved stonecrop
Magnoliopsida,Crassulaceae,Sedum,rubens,,Reddish stonecrop
Magnoliopsida,Crassulaceae,Sedum,sediforme,,
Magnoliopsida,Crassulaceae,Sedum,sexangulare,,Tasteless stonecrop
Magnoliopsida,Crassulaceae,Sedum,stellatum,,
Magnoliopsida,Crassulaceae,Sedum,villosum,,Hairy stonecrop
Magnoliopsida,Crassulaceae,Sempervivum,tectorum,Siempreviva mayor,House leek
Magnoliopsida,Cucurbitaceae,Bryonia,alba,Brionia blanca,White bryony
Magnoliopsida,Cucurbitaceae,Bryonia,dioica,Brionia,Red bryony
Magnoliopsida,Cucurbitaceae,Cucumis,melo,Melón,Melon
Magnoliopsida,Cucurbitaceae,Cucumis,sativus,Pepino,Cucumber
Magnoliopsida,Cucurbitaceae,Cucurbita,maxima,Calabaza,Pumpkin
Magnoliopsida,Cucurbitaceae,Cucurbita,pepo,Calabacín,Marrow / Zucchini
Pinopsida,Cupressaceae,Cupressus,sempervirens,Ciprés,Italian cypress
Pinopsida,Cupressaceae,Juniperus,communis,Enebro,Common juniper
Pinopsida,Cupressaceae,Juniperus,oxycedrus,Enebro de la miera,Prickly juniper
Pinopsida,Cupressaceae,Juniperus,phoenicea,Sabina mora,Phoenicean juniper
Pinopsida,Cupressaceae,Juniperus,sabina,Sabina rastrera,Savin
Pinopsida,Cupressaceae,Juniperus,thurifera,Sabina albar,Spanish juniper
Liliopsida,Cyperaceae,Carex,acuta,,Slender tufted sedge
Liliopsida,Cyperaceae,Carex,alba,,White sedge
Liliopsida,Cyperaceae,Carex,brachystachys,,
Liliopsida,Cyperaceae,Carex,brizoides,,
Liliopsida,Cyperaceae,Carex,buekii,,
Liliopsida,Cyperaceae,Carex,buxbaumii,,
Liliopsida,Cyperaceae,Carex,capillaris,,
Liliopsida,Cyperaceae,Carex,cespitosa,,
Liliopsida,Cyperaceae,Carex,cuprina,,
Liliopsida,Cyperaceae,Carex,davaliana,,
Liliopsida,Cyperaceae,Carex,demissa,,
Liliopsida,Cyperaceae,Carex,diandra,,
Liliopsida,Cyperaceae,Carex,digitata,,Fingered sedge
Liliopsida,Cyperaceae,Carex,distans,,Distant sedge
Liliopsida,Cyperaceae,Carex,divulsa,,
Liliopsida,Cyperaceae,Carex,echinata,,Star sedge
Liliopsida,Cyperaceae,Carex,elata,,Tufted sedge
Liliopsida,Cyperaceae,Carex,flacca,,Glaucous sedge
Liliopsida,Cyperaceae,Carex,flava,,Yellow sedge
Liliopsida,Cyperaceae,Carex,hostiana,,Tawny sedge
Liliopsida,Cyperaceae,Carex,humilis,,Dwarf sedge
Liliopsida,Cyperaceae,Carex,lachenalii,,
Liliopsida,Cyperaceae,Carex,laevigata,,
Liliopsida,Cyperaceae,Carex,leporina,,
Liliopsida,Cyperaceae,Carex,limosa,,
Liliopsida,Cyperaceae,Carex,liparocarpos,,
Liliopsida,Cyperaceae,Carex,montana,,
Liliopsida,Cyperaceae,Carex,muricata,,
Liliopsida,Cyperaceae,Carex,myosuroides,,
Liliopsida,Cyperaceae,Carex,paniculata,,Greater tussock sedge
Liliopsida,Cyperaceae,Carex,pauciflora,,
Liliopsida,Cyperaceae,Carex,pendula,,Pendulous sedge
Liliopsida,Cyperaceae,Carex,pilosa,,
Liliopsida,Cyperaceae,Carex,pseudocyperus,,Cyperus sedge
Liliopsida,Cyperaceae,Carex,remota,,Remote sedge
Liliopsida,Cyperaceae,Carex,rostrata,,Bottle sedge
Liliopsida,Cyperaceae,Carex,sempervirens,,
Liliopsida,Cyperaceae,Carex,spicata,,
Liliopsida,Cyperaceae,Carex,stenophylla,,
Liliopsida,Cyperaceae,Carex,strigosa,,Thin-spiked wood sedge
Liliopsida,Cyperaceae,Carex,sylvatica,,Wood sedge
Liliopsida,Cyperaceae,Carex,vaginata,,
Liliopsida,Cyperaceae,Carex,vulpina,,True fox sedge
Liliopsida,Cyperaceae,Cyperus,esculentus,Chufa,Chufa / Tiger nut
Liliopsida,Cyperaceae,Cyperus,fuscus,,
Liliopsida,Cyperaceae,Cyperus,glomeratus,,
Liliopsida,Cyperaceae,Cyperus,longus,Juncia larga,Galingale
Liliopsida,Cyperaceae,Cyperus,rotundus,Juncia,Purple nutsedge
Liliopsida,Cyperaceae,Rhynchospora,alba,,White beak-sedge
Polypodiopsida,Dennstaedtiaceae,Pteridium,aquilinum,Helecho águila,Bracken
Liliopsida,Dioscoreaceae,Dioscorea,communis,,Black bryony
Magnoliopsida,Dipsacaceae,Cephalaria,alpina,Cephalaria alpina,
Magnoliopsida,Dipsacaceae,Cephalaria,gigantea,Cephalaria gigante,
Magnoliopsida,Dipsacaceae,Cephalaria,leucantha,,
Magnoliopsida,Dipsacaceae,Cephalaria,syriaca,,
Magnoliopsida,Dipsacaceae,Dipsacus,fullonum,Cardencha,Wild teasel
Magnoliopsida,Dipsacaceae,Dipsacus,laciniatus,Cardencha laciniada,
Magnoliopsida,Dipsacaceae,Dipsacus,pilosus,Cardencha peluda,Small teasel
Magnoliopsida,Dipsacaceae,Knautia,drymeia,,
Magnoliopsida,Dipsacaceae,Knautia,longifolia,,
Magnoliopsida,Dipsacaceae,Knautia,maxima,,
Magnoliopsida,Dipsacaceae,Knautia,montana,Viudilla de montaña,
Magnoliopsida,Dipsacaceae,Scabiosa,atropurpurea,Escabiosa,Mournful widow
Magnoliopsida,Dipsacaceae,Scabiosa,columbaria,Escabiosa,Small scabious
Magnoliopsida,Dipsacaceae,Scabiosa,triandra,Escabiosa triandra,
Magnoliopsida,Dipsacaceae,Succisa,pratensis,Escabiosa del diablo,Devil's-bit scabious
Magnoliopsida,Droseraceae,Drosera,intermedia,,Oblong-leaved sundew
Magnoliopsida,Droseraceae,Drosera,rotundifolia,Rocío del sol,Round-leaved sundew
Polypodiopsida,Dryopteridaceae,Dryopteris,affinis,Helecho real,Scaly male-fern
Polypodiopsida,Dryopteridaceae,Dryopteris,filix-mas,Helecho macho,Male fern
Polypodiopsida,Dryopteridaceae,Polystichum,aculeatum,,Hard shield fern
Magnoliopsida,Ebenaceae,Diospyros,lotus,Caqui de Oriente,Caucasian persimmon
Magnoliopsida,Elaeagnaceae,Hippophae,rhamnoides,Espino amarillo,Sea buckthorn
Equisetopsida,Equisetaceae,Equisetum,arvense,Cola de caballo,Field horsetail
Equisetopsida,Equisetaceae,Equisetum,fluviatile,,Water horsetail
Equisetopsida,Equisetaceae,Equisetum,hyemale,,Rough horsetail
Equisetopsida,Equisetaceae,Equisetum,palustre,Cola de caballo de pantano,Marsh horsetail
Equisetopsida,Equisetaceae,Equisetum,sylvaticum,,Wood horsetail
Magnoliopsida,Ericaceae,Andromeda,polifolia,Andromeda,Bog rosemary
Magnoliopsida,Ericaceae,Arbutus,unedo,Madroño,Strawberry tree
Magnoliopsida,Ericaceae,Arctostaphylos,uva-ursi,Gayuba,Bearberry
Magnoliopsida,Ericaceae,Calluna,vulgaris,Brecina,Heather
Magnoliopsida,Ericaceae,Cassiope,hypnoides,,
Magnoliopsida,Ericaceae,Corema,album,Camarina blanca,
Magnoliopsida,Ericaceae,Erica,arborea,Brezo arbóreo,Tree heather
Magnoliopsida,Ericaceae,Erica,cinerea,Brezo cinéreo,Bell heather
Magnoliopsida,Ericaceae,Erica,scoparia,Brezo morisco,Besom heath
Magnoliopsida,Ericaceae,Erica,terminalis,,Corsican heath
Magnoliopsida,Ericaceae,Erica,tetralix,Brezo de pantano,Cross-leaved heath
Magnoliopsida,Ericaceae,Erica,vagans,Brezo de Cornualles,Cornish heath
Magnoliopsida,Ericaceae,Rhododendron,ferrugineum,Rododendro,Alpenrose
Magnoliopsida,Ericaceae,Rhododendron,hirsutum,,Hairy alpenrose
Magnoliopsida,Euphorbiaceae,Euphorbia,amygdaloides,Lechetrezna de bosque,Wood spurge
Magnoliopsida,Euphorbiaceae,Euphorbia,characias,Lechetrezna,Mediterranean spurge
Magnoliopsida,Euphorbiaceae,Euphorbia,cyparissias,Lechetrezna de ciprés,Cypress spurge
Magnoliopsida,Euphorbiaceae,Euphorbia,dendroides,Lechetrezna arborescente,Tree spurge
Magnoliopsida,Euphorbiaceae,Euphorbia,dulcis,,Sweet spurge
Magnoliopsida,Euphorbiaceae,Euphorbia,essula,,
Magnoliopsida,Euphorbiaceae,Euphorbia,falcata,,
Magnoliopsida,Euphorbiaceae,Euphorbia,helioscopia,Lechetrezna de jardín,Sun spurge
Magnoliopsida,Euphorbiaceae,Euphorbia,hyberna,,Irish spurge
Magnoliopsida,Euphorbiaceae,Euphorbia,nicaeensis,,
Magnoliopsida,Euphorbiaceae,Euphorbia,paralias,Lechetrezna marítima,Sea spurge
Magnoliopsida,Euphorbiaceae,Euphorbia,pithyusa,Lechetrezna de pino,
Magnoliopsida,Euphorbiaceae,Euphorbia,seguieriana,,
Magnoliopsida,Euphorbiaceae,Euphorbia,serrata,Lechetrezna serrada,
Magnoliopsida,Euphorbiaceae,Euphorbia,stricta,,
Magnoliopsida,Euphorbiaceae,Mercurialis,annua,Mercurial anual,Annual mercury
Magnoliopsida,Euphorbiaceae,Mercurialis,perennis,Mercurial vivaz,Dog's mercury
Magnoliopsida,Fabaceae,Adenocarpus,complicatus,,
Magnoliopsida,Fabaceae,Adenocarpus,decorticans,Codeso de Sierra Nevada,
Magnoliopsida,Fabaceae,Anthyllis,barba-jovis,,Jupiter's beard
Magnoliopsida,Fabaceae,Anthyllis,cytisoides,,
Magnoliopsida,Fabaceae,Anthyllis,montana,Vulneraria de montaña,
Magnoliopsida,Fabaceae,Anthyllis,vulneraria,Vulneraria,Kidney vetch
Magnoliopsida,Fabaceae,Astragalus,alpinus,Astrágalo alpino,Alpine milkvetch
Magnoliopsida,Fabaceae,Astragalus,amalecitanus,,
Magnoliopsida,Fabaceae,Astragalus,cicer,Astrágalo,Chickpea milkvetch
Magnoliopsida,Fabaceae,Astragalus,falcatus,,
Magnoliopsida,Fabaceae,Astragalus,glycyphyllos,Regaliz silvestre,Wild liquorice
Magnoliopsida,Fabaceae,Astragalus,leoninus,,
Magnoliopsida,Fabaceae,Astragalus,monspessulanus,Astrágalo de Montpellier,
Magnoliopsida,Fabaceae,Astragalus,onobrychis,,
Magnoliopsida,Fabaceae,Astragalus,penduliflorus,,
Magnoliopsida,Fabaceae,Astragalus,tragacantha,,Tragacanth
Magnoliopsida,Fabaceae,Bituminaria,bituminosa,Tedera,Pitch trefoil
Magnoliopsida,Fabaceae,Cajanus,cajan,Guandul,Pigeon pea
Magnoliopsida,Fabaceae,Calicotome,villosa,,
Magnoliopsida,Fabaceae,Cercis,siliquastrum,Árbol del amor,Judas tree
Magnoliopsida,Fabaceae,Cicer,arietinum,Garbanzo,Chickpea
Magnoliopsida,Fabaceae,Colutea,arborescens,Espantalobos,Bladder senna
Magnoliopsida,Fabaceae,Coronilla,coronata,,
Magnoliopsida,Fabaceae,Coronilla,emerus,Coronila,Scorpion senna
Magnoliopsida,Fabaceae,Coronilla,juncea,,
Magnoliopsida,Fabaceae,Coronilla,minima,,
Magnoliopsida,Fabaceae,Coronilla,scorpioides,Coronila,
Magnoliopsida,Fabaceae,Coronilla,valentina,Coronila de Valencia,
Magnoliopsida,Fabaceae,Coronilla,vaginalis,,
Magnoliopsida,Fabaceae,Coronilla,varia,Coronila,Crown vetch
Magnoliopsida,Fabaceae,Cytisus,balansae,,
Magnoliopsida,Fabaceae,Cytisus,oromediterraneus,,
Magnoliopsida,Fabaceae,Cytisus,purgans,Piorno serrano,
Magnoliopsida,Fabaceae,Cytisus,scoparius,Retama negra,Broom
Magnoliopsida,Fabaceae,Cytisus,striatus,,
Magnoliopsida,Fabaceae,Cytisus,villosus,,
Magnoliopsida,Fabaceae,Dorycnium,hirsutum,,
Magnoliopsida,Fabaceae,Dorycnium,pentaphyllum,,
Magnoliopsida,Fabaceae,Genista,florida,,
Magnoliopsida,Fabaceae,Genista,hispanica,Aliaga,Spanish gorse
Magnoliopsida,Fabaceae,Genista,januensis,,
Magnoliopsida,Fabaceae,Genista,pilosa,,
Magnoliopsida,Fabaceae,Genista,radiata,Genista radiada,
Magnoliopsida,Fabaceae,Genista,sagittalis,,
Magnoliopsida,Fabaceae,Genista,tinctoria,Retama de tintoreros,Dyer's greenweed
Magnoliopsida,Fabaceae,Genista,umbellata,,
Magnoliopsida,Fabaceae,Glycyrrhiza,glabra,Regaliz,Liquorice
Magnoliopsida,Fabaceae,Hippocrepis,comosa,Hierba de herraduras,Horseshoe vetch
Magnoliopsida,Fabaceae,Laburnum,alpinum,,Scotch laburnum
Magnoliopsida,Fabaceae,Laburnum,anagyroides,Lluvia de oro,Common laburnum
Magnoliopsida,Fabaceae,Lathyrus,annuus,,
Magnoliopsida,Fabaceae,Lathyrus,aphaca,Alverjilla,Yellow vetchling
Magnoliopsida,Fabaceae,Lathyrus,cicera,Almorta menor,Chickling vetch
Magnoliopsida,Fabaceae,Lathyrus,clymenum,,
Magnoliopsida,Fabaceae,Lathyrus,hirsutus,,Hairy vetchling
Magnoliopsida,Fabaceae,Lathyrus,latifolius,Guisante de olor silvestre,Broad-leaved everlasting pea
Magnoliopsida,Fabaceae,Lathyrus,montanus,Almorta de montaña,Bitter vetch
Magnoliopsida,Fabaceae,Lathyrus,niger,,Black pea
Magnoliopsida,Fabaceae,Lathyrus,odoratus,Guisante de olor,Sweet pea
Magnoliopsida,Fabaceae,Lathyrus,pratensis,Almorta de prado,Meadow vetchling
Magnoliopsida,Fabaceae,Lathyrus,sativus,Almorta,Grass pea
Magnoliopsida,Fabaceae,Lathyrus,sphaericus,,
Magnoliopsida,Fabaceae,Lathyrus,sylvestris,Almorta silvestre,Narrow-leaved everlasting pea
Magnoliopsida,Fabaceae,Lathyrus,vernus,Almorta de primavera,Spring vetchling
Magnoliopsida,Fabaceae,Lens,culinaris,Lenteja,Lentil
Magnoliopsida,Fabaceae,Lens,nigricans,,
Magnoliopsida,Fabaceae,Lotus,corniculatus,Cuernecillo,Bird's-foot trefoil
Magnoliopsida,Fabaceae,Lotus,glaber,,
Magnoliopsida,Fabaceae,Lotus,hirsutus,,Hairy bird's-foot trefoil
Magnoliopsida,Fabaceae,Lotus,montanus,,
Magnoliopsida,Fabaceae,Lotus,ornithopodioides,,
Magnoliopsida,Fabaceae,Lotus,pedunculatus,,Greater bird's-foot trefoil
Magnoliopsida,Fabaceae,Lotus,tenuis,,
Magnoliopsida,Fabaceae,Lotus,tetragonolobus,Guisante cuadrangular,Winged pea
Magnoliopsida,Fabaceae,Medicago,arabica,,Spotted medick
Magnoliopsida,Fabaceae,Medicago,arborea,Alfalfa arborescente,Tree medick
Magnoliopsida,Fabaceae,Medicago,falcata,,Sickle medick
Magnoliopsida,Fabaceae,Medicago,littoralis,,
Magnoliopsida,Fabaceae,Medicago,lupulina,Lupulina,Black medick
Magnoliopsida,Fabaceae,Medicago,minima,,Bur medick
Magnoliopsida,Fabaceae,Medicago,monspeliaca,,
Magnoliopsida,Fabaceae,Medicago,muriculata,,
Magnoliopsida,Fabaceae,Medicago,orbicularis,,
Magnoliopsida,Fabaceae,Medicago,polymorpha,,
Magnoliopsida,Fabaceae,Medicago,rigidula,,
Magnoliopsida,Fabaceae,Medicago,sativa,Alfalfa,Lucerne
Magnoliopsida,Fabaceae,Medicago,truncatula,,
Magnoliopsida,Fabaceae,Melilotus,albus,Trébol de Alejandría,White melilot
Magnoliopsida,Fabaceae,Melilotus,indicus,,
Magnoliopsida,Fabaceae,Melilotus,officinalis,Meliloto,Common melilot
Magnoliopsida,Fabaceae,Melilotus,sulcatus,,
Magnoliopsida,Fabaceae,Onobrychis,caput-galli,,
Magnoliopsida,Fabaceae,Onobrychis,saxatilis,,
Magnoliopsida,Fabaceae,Onobrychis,supina,,
Magnoliopsida,Fabaceae,Onobrychis,viciifolia,Esparceta,Sainfoin
Magnoliopsida,Fabaceae,Ononis,minutissima,,
Magnoliopsida,Fabaceae,Ononis,natrix,Ononis,Yellow restharrow
Magnoliopsida,Fabaceae,Ononis,pusilla,,
Magnoliopsida,Fabaceae,Ononis,reclinata,,
Magnoliopsida,Fabaceae,Ononis,rotundifolia,,
Magnoliopsida,Fabaceae,Ononis,spinosa,Gatuña,Spiny restharrow
Magnoliopsida,Fabaceae,Ononis,spinosa ssp. arvensis,,
Magnoliopsida,Fabaceae,Oxytropis,campestris,Oxytropis,Yellow oxytropis
Magnoliopsida,Fabaceae,Oxytropis,pilosa,,
Magnoliopsida,Fabaceae,Retama,monosperma,,White weeping broom
Magnoliopsida,Fabaceae,Retama,sphaerocarpa,Retama,Spanish broom
Magnoliopsida,Fabaceae,Robinia,pseudoacacia,Acacia,Black locust
Magnoliopsida,Fabaceae,Scorpiurus,muricatus,,
Magnoliopsida,Fabaceae,Spartium,junceum,Retama de olor,Spanish broom
Magnoliopsida,Fabaceae,Trifolium,alpestre,,
Magnoliopsida,Fabaceae,Trifolium,angustifolium,,
Magnoliopsida,Fabaceae,Trifolium,arvense,Trébol pie de liebre,Hare's-foot clover
Magnoliopsida,Fabaceae,Trifolium,aureum,,Golden clover
Magnoliopsida,Fabaceae,Trifolium,campestre,,Hop trefoil
Magnoliopsida,Fabaceae,Trifolium,dubium,,Lesser trefoil
Magnoliopsida,Fabaceae,Trifolium,fragiferum,Trébol fresa,Strawberry clover
Magnoliopsida,Fabaceae,Trifolium,glomeratum,,
Magnoliopsida,Fabaceae,Trifolium,hybridum,Trébol sueco,Alsike clover
Magnoliopsida,Fabaceae,Trifolium,incarnatum,Trébol encarnado,Crimson clover
Magnoliopsida,Fabaceae,Trifolium,lappaceum,,
Magnoliopsida,Fabaceae,Trifolium,medium,,Zigzag clover
Magnoliopsida,Fabaceae,Trifolium,montanum,Trébol de montaña,Mountain clover
Magnoliopsida,Fabaceae,Trifolium,ochroleucon,,Sulphur clover
Magnoliopsida,Fabaceae,Trifolium,pratense,Trébol rojo,Red clover
Magnoliopsida,Fabaceae,Trifolium,repens,Trébol blanco,White clover
Magnoliopsida,Fabaceae,Trifolium,rubens,,Red feather clover
Magnoliopsida,Fabaceae,Trifolium,stellatum,,Starry clover
Magnoliopsida,Fabaceae,Trifolium,strictum,,
Magnoliopsida,Fabaceae,Trifolium,subterraneum,Trébol subterráneo,Subterranean clover
Magnoliopsida,Fabaceae,Trifolium,tomentosum,,Woolly clover
Magnoliopsida,Fabaceae,Trigonella,balansae,,
Magnoliopsida,Fabaceae,Trigonella,elegans,,
Magnoliopsida,Fabaceae,Trigonella,foenum-graecum,Fenogreco,Fenugreek
Magnoliopsida,Fabaceae,Trigonella,foenum-graecum ssp. gladiata,,
Magnoliopsida,Fabaceae,Trigonella,polyceratia,,
Magnoliopsida,Fabaceae,Ulex,europaeus,Tojo,Gorse
Magnoliopsida,Fabaceae,Ulex,minor,,Dwarf gorse
Magnoliopsida,Fabaceae,Ulex,parviflorus,Aulaga,
Magnoliopsida,Fabaceae,Vicia,angustifolia,,
Magnoliopsida,Fabaceae,Vicia,articulata,,
Magnoliopsida,Fabaceae,Vicia,benghalensis,,
Magnoliopsida,Fabaceae,Vicia,bithynica,,
Magnoliopsida,Fabaceae,Vicia,cracca,Arveja ratona,Tufted vetch
Magnoliopsida,Fabaceae,Vicia,disperma,,
Magnoliopsida,Fabaceae,Vicia,ervilia,Yero,Bitter vetch
Magnoliopsida,Fabaceae,Vicia,faba,Haba,Broad bean
Magnoliopsida,Fabaceae,Vicia,hirsuta,,Hairy tare
Magnoliopsida,Fabaceae,Vicia,lens,,
Magnoliopsida,Fabaceae,Vicia,lutea,,Yellow vetch
Magnoliopsida,Fabaceae,Vicia,monantha,,
Magnoliopsida,Fabaceae,Vicia,narbonensis,Alverjón,Narbonne vetch
Magnoliopsida,Fabaceae,Vicia,pannonica,,Hungarian vetch
Magnoliopsida,Fabaceae,Vicia,parviflora,,Slender tare
Magnoliopsida,Fabaceae,Vicia,peregrina,,
Magnoliopsida,Fabaceae,Vicia,sativa,Veza,Common vetch
Magnoliopsida,Fabaceae,Vicia,sepium,Arveja silvestre,Bush vetch
Magnoliopsida,Fabaceae,Vicia,sylvatica,Arveja silvestre de bosque,Wood vetch
Magnoliopsida,Fabaceae,Vicia,tenuissima,,
Magnoliopsida,Fabaceae,Vicia,tetrasperma,,Smooth tare
Magnoliopsida,Fabaceae,Vicia,villose,,Hairy vetch
Magnoliopsida,Fagaceae,Castanea,sativa,Castaño,Sweet chestnut
Magnoliopsida,Fagaceae,Fagus,sylvatica,Haya,Beech
Magnoliopsida,Fagaceae,Quercus,canariensis,,Algerian oak
Magnoliopsida,Fagaceae,Quercus,coccifera,Coscoja,Kermes oak
Magnoliopsida,Fagaceae,Quercus,faginae,,
Magnoliopsida,Fagaceae,Quercus,faginea,Quejigo,Portuguese oak
Magnoliopsida,Fagaceae,Quercus,frainetto,,Hungarian oak
Magnoliopsida,Fagaceae,Quercus,ilex,Encina,Holm oak
Magnoliopsida,Fagaceae,Quercus,petraea,Roble albar,Sessile oak
Magnoliopsida,Fagaceae,Quercus,pubescens,Roble pubescente,Downy oak
Magnoliopsida,Fagaceae,Quercus,pyrenaica,Rebollo,Pyrenean oak
Magnoliopsida,Fagaceae,Quercus,robur,Roble,Pedunculate oak
Magnoliopsida,Fagaceae,Quercus,suber,Alcornoque,Cork oak
Magnoliopsida,Gentianaceae,Blackstonia,perfoliata,Centaura amarilla,Yellow-wort
Magnoliopsida,Gentianaceae,Centaurium,erythraea,Centaura roja,Common centaury
Magnoliopsida,Gentianaceae,Centaurium,littorale,,
Magnoliopsida,Gentianaceae,Centaurium,pulchellum,,Slender centaury
Magnoliopsida,Gentianaceae,Centaurium,tenuiflorum,,
Magnoliopsida,Gentianaceae,Gentiana,acaulis,Genciana acaule,Stemless gentian
Magnoliopsida,Gentianaceae,Gentiana,cruciata,,Cross gentian
Magnoliopsida,Gentianaceae,Gentiana,nivalis,,Snow gentian
Magnoliopsida,Gentianaceae,Gentiana,pneumonanthe,Genciana de pantano,Marsh gentian
Magnoliopsida,Gentianaceae,Gentiana,verna,Genciana de primavera,Spring gentian
Magnoliopsida,Geraniaceae,Erodium,cicutarium,Aguja de pastor,Common stork's-bill
Magnoliopsida,Geraniaceae,Erodium,malacoides,Alfilerillo,Mallow-leaved stork's bill
Magnoliopsida,Geraniaceae,Erodium,moschatum,Aguja almizclada,Musky stork's-bill
Magnoliopsida,Geraniaceae,Geranium,columbinum,,Long-stalked crane's-bill
Magnoliopsida,Geraniaceae,Geranium,dissectum,,Cut-leaved crane's-bill
Magnoliopsida,Geraniaceae,Geranium,endressii,,
Magnoliopsida,Geraniaceae,Geranium,lucidum,Geranio lustroso,Shining crane's-bill
Magnoliopsida,Geraniaceae,Geranium,molle,Geranio blando,Dove's-foot crane's-bill
Magnoliopsida,Geraniaceae,Geranium,palustre,,Marsh crane's-bill
Magnoliopsida,Geraniaceae,Geranium,phaeum,Geranio de bosque,Dusky crane's-bill
Magnoliopsida,Geraniaceae,Geranium,pratense,Geranio de prado,Meadow crane's-bill
Magnoliopsida,Geraniaceae,Geranium,pyrenaicum,Geranio pirenaico,
Magnoliopsida,Geraniaceae,Geranium,robertianum,Hierba de San Roberto,Herb Robert
Magnoliopsida,Geraniaceae,Geranium,sanguineum,Geranio sanguíneo,Bloody crane's-bill
Magnoliopsida,Geraniaceae,Geranium,sylvaticum,Geranio de bosque,Wood crane's-bill
Magnoliopsida,Geraniaceae,Geranium,versicolor,,
Magnoliopsida,Grossulariaceae,Ribes,alpinum,Grosellero alpino,Mountain currant
Magnoliopsida,Grossulariaceae,Ribes,petraeum,,Rock redcurrant
Magnoliopsida,Grossulariaceae,Ribes,rubrum,Grosellero rojo,Red currant
Magnoliopsida,Grossulariaceae,Ribes,uva-crispa,Grosellero espinoso,Gooseberry
Magnoliopsida,Hydrangeaceae,Philadelphus,coronarius,Celinda,Mock orange
Liliopsida,Hydrocharitaceae,Stratiotes,spicans,,
Magnoliopsida,Hypericaceae,Hypericum,androsaemum,Todabuena,Tutsan
Magnoliopsida,Hypericaceae,Hypericum,calycinum,,Rose of Sharon
Magnoliopsida,Hypericaceae,Hypericum,ericades,,
Magnoliopsida,Hypericaceae,Hypericum,hircinum,,
Magnoliopsida,Hypericaceae,Hypericum,humifusum,,Trailing St John's wort
Magnoliopsida,Hypericaceae,Hypericum,maculatum,,Imperforate St John's wort
Magnoliopsida,Hypericaceae,Hypericum,nummularium,,
Magnoliopsida,Hypericaceae,Hypericum,orientale,,
Magnoliopsida,Hypericaceae,Hypericum,perforatum,Hierba de San Juan,St John's wort
Magnoliopsida,Hypericaceae,Hypericum,richeri,,
Magnoliopsida,Hypericaceae,Hypericum,tetrapterum,,Square-stalked St John's wort
Liliopsida,Iridaceae,Crocus,vernus,Azafrán de primavera,Spring crocus
Liliopsida,Iridaceae,Gladiolus,byzantinus,Espadaña,Byzantine gladiolus
Liliopsida,Iridaceae,Gladiolus,italicus,Espadaña,Field gladiolus
Liliopsida,Iridaceae,Iris,foetidissima,Lirio fétido,Stinking iris
Liliopsida,Iridaceae,Iris,germanica,Lirio,German iris
Liliopsida,Iridaceae,Iris,graminea,Lirio gramíneo,Grass-leaved iris
Liliopsida,Iridaceae,Iris,pseudacorus,Lirio amarillo,Yellow iris
Liliopsida,Iridaceae,Iris,sibirica,Lirio de Siberia,Siberian iris
Liliopsida,Iridaceae,Iris,sylvestris,,
Magnoliopsida,Juglandaceae,Juglans,regia,Nogal,Walnut
Liliopsida,Juncaceae,Juncus,acutiflorus,,Sharp-flowered rush
Liliopsida,Juncaceae,Juncus,articulatus,Junco articulado,Jointed rush
Liliopsida,Juncaceae,Juncus,bufonius,Junco de sapillo,Toad rush
Liliopsida,Juncaceae,Juncus,compressus,,Round-fruited rush
Liliopsida,Juncaceae,Juncus,conglomeratus,,Compact rush
Liliopsida,Juncaceae,Juncus,effusus,Junco,Soft rush
Liliopsida,Juncaceae,Juncus,gerardi,,
Liliopsida,Juncaceae,Juncus,hybridus,,
Liliopsida,Juncaceae,Juncus,inflexus,,Hard rush
Liliopsida,Juncaceae,Juncus,maritimus,Junco marítimo,Sea rush
Liliopsida,Juncaceae,Juncus,squarrosus,,Heath rush
Liliopsida,Juncaceae,Luzula,campestris,,Field woodrush
Liliopsida,Juncaceae,Luzula,desvauxii,,
Liliopsida,Juncaceae,Luzula,forsteri,,
Liliopsida,Juncaceae,Luzula,luzuloides,,
Liliopsida,Juncaceae,Luzula,nivea,,Snow woodrush
Liliopsida,Juncaceae,Luzula,pedemontana,,
Liliopsida,Juncaceae,Luzula,pilosa,,Hairy woodrush
Liliopsida,Juncaceae,Luzula,spicata,,Spiked woodrush
Liliopsida,Juncaceae,Luzula,sylvatica,Luzula,Great woodrush
Liliopsida,Juncaginaceae,Triglochin,maritima,Triglochin marítimo,Sea arrowgrass
Liliopsida,Juncaginaceae,Triglochin,palustris,,Marsh arrowgrass
Magnoliopsida,Lamiaceae,Ajuga,chamaepitys,Pinillo,Ground pine
Magnoliopsida,Lamiaceae,Ajuga,genevensis,Ajuga de Ginebra,Geneva bugle
Magnoliopsida,Lamiaceae,Ajuga,reptans,Consuelda media,Bugle
Magnoliopsida,Lamiaceae,Ballota,frutescens,,
Magnoliopsida,Lamiaceae,Ballota,nigra,Marrubio negro,Black horehound
Magnoliopsida,Lamiaceae,Ballota,spinosa,,
Magnoliopsida,Lamiaceae,Calamintha,nepeta,Calamento,Lesser calamint
Magnoliopsida,Lamiaceae,Clinopodium,alpinum,,
Magnoliopsida,Lamiaceae,Clinopodium,grandiflorum,,
Magnoliopsida,Lamiaceae,Clinopodium,nepeta,Nébeda,Lesser calamint
Magnoliopsida,Lamiaceae,Clinopodium,thymifolium,,
Magnoliopsida,Lamiaceae,Clinopodium,vulgare,Clinopodio,Wild basil
Magnoliopsida,Lamiaceae,Dracocephalum,austriacum,,
Magnoliopsida,Lamiaceae,Dracocephalum,ruyschiana,,
Magnoliopsida,Lamiaceae,Glechoma,hederacea,Hiedra terrestre,Ground ivy
Magnoliopsida,Lamiaceae,Hyssopus,officinalis,Hisopo,Hyssop
Magnoliopsida,Lamiaceae,Lamium,album,Ortiga blanca,White dead-nettle
Magnoliopsida,Lamiaceae,Lamium,amplexicaule,Ortiga mayor,Henbit dead-nettle
Magnoliopsida,Lamiaceae,Lamium,bifidum,,
Magnoliopsida,Lamiaceae,Lamium,garganicum,,
Magnoliopsida,Lamiaceae,Lamium,galeobdolon,Ortiga amarilla,Yellow archangel
Magnoliopsida,Lamiaceae,Lamium,maculatum,Ortiga manchada,Spotted dead-nettle
Magnoliopsida,Lamiaceae,Lamium,orvala,,
Magnoliopsida,Lamiaceae,Lamium,purpureum,Ortiga roja,Red dead-nettle
Magnoliopsida,Lamiaceae,Lavandula,angustifolia,Lavanda,Lavender
Magnoliopsida,Lamiaceae,Lavandula,dentata,Lavanda dentada,
Magnoliopsida,Lamiaceae,Lavandula,latifolia,Lavanda de hoja ancha,
Magnoliopsida,Lamiaceae,Lavandula,pedunculata,Cantueso,
Magnoliopsida,Lamiaceae,Lavandula,stoechas,Cantueso,French lavender
Magnoliopsida,Lamiaceae,Leonurus,cardiaca,Agripalma,Motherwort
Magnoliopsida,Lamiaceae,Lycopus,europaeus,Marrubio acuático,Gypsywort
Magnoliopsida,Lamiaceae,Marrubium,vulgare,Marrubio,White horehound
Magnoliopsida,Lamiaceae,Marubium,incanum,,
Magnoliopsida,Lamiaceae,Marubium,peregrinum,,
Magnoliopsida,Lamiaceae,Marubium,supinum,,
Magnoliopsida,Lamiaceae,Melissa,officinalis,Melisa,Lemon balm
Magnoliopsida,Lamiaceae,Mentha,aquatica,Menta acuática,Water mint
Magnoliopsida,Lamiaceae,Mentha,longifolia,Menta silvestre,Horse mint
Magnoliopsida,Lamiaceae,Mentha,piperita,Menta piperita,Peppermint
Magnoliopsida,Lamiaceae,Mentha,pulegium,Poleo,Pennyroyal
Magnoliopsida,Lamiaceae,Mentha,spicata,Hierbabuena,Spearmint
Magnoliopsida,Lamiaceae,Mentha,suaveolens,Menta de burro,Apple mint
Magnoliopsida,Lamiaceae,Nepeta,cataria,Hierba de los gatos,Catnip
Magnoliopsida,Lamiaceae,Nepeta,nepetella,,
Magnoliopsida,Lamiaceae,Nepeta,nuda,,
Magnoliopsida,Lamiaceae,Nepeta,tuberosa,,
Magnoliopsida,Lamiaceae,Origanum,calcareum,,
Magnoliopsida,Lamiaceae,Origanum,onites,,
Magnoliopsida,Lamiaceae,Origanum,vulgare,Orégano,Marjoram
Magnoliopsida,Lamiaceae,Prunella,grandiflora,Prunela grande,Large self-heal
Magnoliopsida,Lamiaceae,Prunella,laciniata,,
Magnoliopsida,Lamiaceae,Prunella,vulgaris,Brunela,Self-heal
Magnoliopsida,Lamiaceae,Rosmarinus,officinalis,Romero,Rosemary
Magnoliopsida,Lamiaceae,Salvia,aethiopis,,
Magnoliopsida,Lamiaceae,Salvia,argentea,Salvia plateada,Silver sage
Magnoliopsida,Lamiaceae,Salvia,candelabrum,,
Magnoliopsida,Lamiaceae,Salvia,glutinosa,Salvia pegajosa,Sticky sage
Magnoliopsida,Lamiaceae,Salvia,lavandulifolia,Salvia,Spanish sage
Magnoliopsida,Lamiaceae,Salvia,nemorosa,,
Magnoliopsida,Lamiaceae,Salvia,officinalis,Salvia,Sage
Magnoliopsida,Lamiaceae,Salvia,pratensis,Salvia de prado,Meadow clary
Magnoliopsida,Lamiaceae,Salvia,rosmarinus,Romero,Rosemary
Magnoliopsida,Lamiaceae,Salvia,sclarea,Amaro,Clary sage
Magnoliopsida,Lamiaceae,Salvia,taraxacifolia,,
Magnoliopsida,Lamiaceae,Salvia,verbenacea,Gallocresta,Wild clary
Magnoliopsida,Lamiaceae,Salvia,verticillata,,Whorled sage
Magnoliopsida,Lamiaceae,Salvia,viridis,,
Magnoliopsida,Lamiaceae,Satureja,cuneifolia,,
Magnoliopsida,Lamiaceae,Satureja,hortensis,Ajedrea,Summer savory
Magnoliopsida,Lamiaceae,Satureja,montana,Ajedrea de montaña,Winter savory
Magnoliopsida,Lamiaceae,Scutellaria,alpina,,Alpine skullcap
Magnoliopsida,Lamiaceae,Scutellaria,galericulata,,Skullcap
Magnoliopsida,Lamiaceae,Scutellaria,orientalis,,
Magnoliopsida,Lamiaceae,Sideritis,frutescens,,
Magnoliopsida,Lamiaceae,Sideritis,hirsuta,,
Magnoliopsida,Lamiaceae,Sideritis,pungens,,
Magnoliopsida,Lamiaceae,Sideritis,syriaca,Té de montaña,
Magnoliopsida,Lamiaceae,Stachys,alopecuros,,
Magnoliopsida,Lamiaceae,Stachys,annua,,Annual woundwort
Magnoliopsida,Lamiaceae,Stachys,arvensis,,Field woundwort
Magnoliopsida,Lamiaceae,Stachys,byzantina,Oreja de cordero,Lamb's ear
Magnoliopsida,Lamiaceae,Stachys,cretica,,
Magnoliopsida,Lamiaceae,Stachys,germanica,Betónica germánica,Downy woundwort
Magnoliopsida,Lamiaceae,Stachys,glutinosa,,
Magnoliopsida,Lamiaceae,Stachys,montana,Betónica de montaña,
Magnoliopsida,Lamiaceae,Stachys,officinalis,Betónica,Betony
Magnoliopsida,Lamiaceae,Stachys,palustris,Estaquiada de pantano,Marsh woundwort
Magnoliopsida,Lamiaceae,Stachys,recta,,
Magnoliopsida,Lamiaceae,Stachys,rosea,,
Magnoliopsida,Lamiaceae,Stachys,sylvatica,Betónica de bosque,Hedge woundwort
Magnoliopsida,Lamiaceae,Teucrium,arduini,,
Magnoliopsida,Lamiaceae,Teucrium,aureum,,
Magnoliopsida,Lamiaceae,Teucrium,botrys,,
Magnoliopsida,Lamiaceae,Teucrium,capitatum,Ajuga de montaña,
Magnoliopsida,Lamiaceae,Teucrium,chamaedrys,Camedrio,Wall germander
Magnoliopsida,Lamiaceae,Teucrium,flavum,,
Magnoliopsida,Lamiaceae,Teucrium,fruticans,Matagallo,Tree germander
Magnoliopsida,Lamiaceae,Teucrium,montanum,Zamarrilla,Mountain germander
Magnoliopsida,Lamiaceae,Teucrium,polium,Zamarrilla,Felty germander
Magnoliopsida,Lamiaceae,Teucrium,scordium,Escordio,Water germander
Magnoliopsida,Lamiaceae,Thymus,alpestris,,
Magnoliopsida,Lamiaceae,Thymus,camphoratus,,
Magnoliopsida,Lamiaceae,Thymus,mastichina,Mejorana,
Magnoliopsida,Lamiaceae,Thymus,polytrichus,,Wild thyme
Magnoliopsida,Lamiaceae,Thymus,praecox,,
Magnoliopsida,Lamiaceae,Thymus,pulegioides,,Large thyme
Magnoliopsida,Lamiaceae,Thymus,serpyllum,Serpol,Wild thyme
Magnoliopsida,Lamiaceae,Thymus,vulgaris,Tomillo,Thyme
Magnoliopsida,Lamiaceae,Vitex,agnus-castus,Sauzgatillo,Chaste tree
Magnoliopsida,Lauraceae,Laurus,nobilis,Laurel,Bay laurel
Liliopsida,Liliaceae,Fritillaria,meleagris,Fritilaria,Snake's head fritillary
Liliopsida,Liliaceae,Fritillaria,pyrenaica,Fritilaria pirenaica,Pyrenean fritillary
Liliopsida,Liliaceae,Fritillaria,tubiformis,,
Liliopsida,Liliaceae,Lilium,bulbiferum,,Orange lily
Liliopsida,Liliaceae,Lilium,candidum,Azucena,Madonna lily
Liliopsida,Liliaceae,Lilium,martagon,Lirio de monte,Martagon lily
Magnoliopsida,Linaceae,Linum,alpinum,,
Magnoliopsida,Linaceae,Linum,austriacum,,
Magnoliopsida,Linaceae,Linum,flavum,Lino amarillo,
Magnoliopsida,Linaceae,Linum,maritense,,
Magnoliopsida,Linaceae,Linum,narbonense,,
Magnoliopsida,Linaceae,Linum,perenne,Lino perenne,Perennial flax
Magnoliopsida,Linaceae,Linum,suffruticosum,,
Magnoliopsida,Linaceae,Linum,tenuifolium,,
Magnoliopsida,Linaceae,Linum,usitatissimum,Lino,Flax
Lycopodiopsida,Lycopodiaceae,Lycopodium,annotinum,Licopodio,Interrupted clubmoss
Magnoliopsida,Lythraceae,Lythrum,hyssopifolia,,Grass-poly
Magnoliopsida,Lythraceae,Lythrum,salicaria,Salicaria,Purple loosestrife
Magnoliopsida,Malvaceae,Abelmoschus,esculentus,Okra / Quingombó,Okra / Lady's finger
Magnoliopsida,Malvaceae,Abutilon,theophrasti,Abutilon,Velvetleaf
Magnoliopsida,Malvaceae,Alcea,rosea,Malva real,Hollyhock
Magnoliopsida,Malvaceae,Alcea,setosa,,
Magnoliopsida,Malvaceae,Althaea,cannabina,Altea cañamera,
Magnoliopsida,Malvaceae,Althaea,hirsuta,Altea hirsuta,Rough marsh mallow
Magnoliopsida,Malvaceae,Althaea,officinalis,Malvavisco,Marsh mallow
Magnoliopsida,Malvaceae,Gossypium,herbaceum,Algodón,Cotton
Magnoliopsida,Malvaceae,Malva,arborea,,Tree mallow
Magnoliopsida,Malvaceae,Malva,domestica,,
Magnoliopsida,Malvaceae,Malva,moschata,Malva almizclada,Musk mallow
Magnoliopsida,Malvaceae,Malva,neglecta,,Dwarf mallow
Magnoliopsida,Malvaceae,Malva,officinalis,Malva,Common mallow
Magnoliopsida,Malvaceae,Malva,parviflora,,
Magnoliopsida,Malvaceae,Malva,sylvestris,Malva silvestre,Common mallow
Magnoliopsida,Malvaceae,Malva,subovata,,
Magnoliopsida,Malvaceae,Malva,trimestris,,Royal mallow
Magnoliopsida,Malvaceae,Tilia,cordata,Tilo,Small-leaved lime
Magnoliopsida,Malvaceae,Tilia,platyphyllos,Tilo de hoja grande,Large-leaved lime
Magnoliopsida,Malvaceae,Tilia,tomentosa,Tilo plateado,Silver lime
Magnoliopsida,Malvaceae,Tilia,candida,,
Magnoliopsida,Menyanthaceae,Menyanthes,trifoliata,Trébol de agua,Bogbean
Magnoliopsida,Moraceae,Ficus,carica,Higuera,Fig
Magnoliopsida,Moraceae,Morus,alba,Morera,White mulberry
Magnoliopsida,Moraceae,Morus,nigra,Moral negro,Black mulberry
Magnoliopsida,Myrtaceae,Myrtus,communis,Mirto / Arrayán,Myrtle
Magnoliopsida,Nymphaeaceae,Nuphar,pumila,,Least yellow water lily
Magnoliopsida,Nymphaeaceae,Nymphaea,alba,Nenúfar blanco,White water lily
Magnoliopsida,Oleaceae,Forsythia,europaea,Forsitia,Forsythia
Magnoliopsida,Oleaceae,Fraxinus,angustifolia,Fresno ibérico,Narrow-leaved ash
Magnoliopsida,Oleaceae,Fraxinus,excelsior,Fresno común,Common ash
Magnoliopsida,Oleaceae,Fraxinus,ornus,Fresno de flor,Manna ash
Magnoliopsida,Oleaceae,Fraxinus,oxycarpa,,
Magnoliopsida,Oleaceae,Jasminum,fruticans,Jazmín silvestre,Wild jasmine
Magnoliopsida,Oleaceae,Ligustrum,lucidum,,Shining privet
Magnoliopsida,Oleaceae,Ligustrum,vulgare,Aligustre,Wild privet
Magnoliopsida,Oleaceae,Olea,europaea,Olivo,Olive
Magnoliopsida,Onagraceae,Epilobium,angustifolium,Adelfilla,Rosebay willowherb
Magnoliopsida,Onagraceae,Epilobium,hirsutum,Adelfilla hirsuta,Great willowherb
Magnoliopsida,Onagraceae,Epilobium,montanum,,Broad-leaved willowherb
Magnoliopsida,Onagraceae,Epilobium,palustre,,Marsh willowherb
Magnoliopsida,Onagraceae,Epilobium,parviflorum,,Hoary willowherb
Liliopsida,Orchidaceae,Dactylorhiza,maculata,Orquídea moteada,Heath spotted orchid
Liliopsida,Orchidaceae,Epipactis,atrorubens,,Dark red helleborine
Liliopsida,Orchidaceae,Epipactis,helleborine,Epipactis,Broad-leaved helleborine
Liliopsida,Orchidaceae,Ophrys,apifera,Abejera,Bee orchid
Liliopsida,Orchidaceae,Ophrys,fuciflora,,Late spider orchid
Liliopsida,Orchidaceae,Ophrys,insectifera,Mosca,Fly orchid
Liliopsida,Orchidaceae,Ophrys,scolopax,,Woodcock orchid
Liliopsida,Orchidaceae,Ophrys,speculum,Espejito,Mirror orchid
Liliopsida,Orchidaceae,Ophrys,sphegodes,,Early spider orchid
Liliopsida,Orchidaceae,Ophrys,tenthredinifera,,
Magnoliopsida,Orobanchaceae,Lathraea,squamaria,Latrea,Toothwort
Magnoliopsida,Orobanchaceae,Orobanche,caryophyllacea,,Clove-scented broomrape
Magnoliopsida,Orobanchaceae,Orobanche,minor,,Common broomrape
Magnoliopsida,Orobanchaceae,Orobanche,pyrenaicus,,
Magnoliopsida,Orobanchaceae,Pedicularis,tuberosa,,
Magnoliopsida,Orobanchaceae,Pediculus,procera,,
Magnoliopsida,Orobanchaceae,Rhinanthus,minor,Rinanto menor,Yellow rattle
Magnoliopsida,Oxalidaceae,Oxalis,acetosella,Acederilla,Wood sorrel
Magnoliopsida,Oxalidaceae,Oxalis,corniculata,Acederilla menor,Procumbent yellow sorrel
Magnoliopsida,Oxalidaceae,Oxalis,glauca,,
Magnoliopsida,Oxalidaceae,Oxalis,rubra,Oxalis roja,
Magnoliopsida,Paeoniaceae,Paeonia,mascula,Peonía,Male peony
Magnoliopsida,Paeoniaceae,Paeonia,officinalis,Peonía,Common peony
Magnoliopsida,Paeoniaceae,Paeonia,peregrina,,
Magnoliopsida,Papaveraceae,Argemone,mexicana,Adormidera espinosa,Mexican poppy
Magnoliopsida,Papaveraceae,Fumaria,capreolata,Palomilla trepadora,Ramping fumitory
Magnoliopsida,Papaveraceae,Fumaria,officinalis,Fumaria,Common fumitory
Magnoliopsida,Papaveraceae,Fumaria,parviflora,,Fine-leaved fumitory
Magnoliopsida,Papaveraceae,Fumaria,procumbens,,
Magnoliopsida,Papaveraceae,Glaucium,corniculatum,Amapola corniculada,Red horned-poppy
Magnoliopsida,Papaveraceae,Glaucium,flavum,Amapola cuernos,Yellow horned-poppy
Magnoliopsida,Papaveraceae,Papaver,argemone,Amapola hueca,Prickly poppy
Magnoliopsida,Papaveraceae,Papaver,atlanticum,,
Magnoliopsida,Papaveraceae,Papaver,dubium,Ababol,Long-headed poppy
Magnoliopsida,Papaveraceae,Papaver,glaucum,,
Magnoliopsida,Papaveraceae,Papaver,hybridum,,Rough poppy
Magnoliopsida,Papaveraceae,Papaver,lateritium,,
Magnoliopsida,Papaveraceae,Papaver,monanthum,,
Magnoliopsida,Papaveraceae,Papaver,orientale,Amapola oriental,Oriental poppy
Magnoliopsida,Papaveraceae,Papaver,rhoeas,Amapola,Common poppy
Magnoliopsida,Papaveraceae,Papaver,rupifragum,Amapola de peña,
Magnoliopsida,Papaveraceae,Papaver,somniferum,Adormidera,Opium poppy
Magnoliopsida,Papaveraceae,Pseudofumaria,lutea,Fumaria amarilla,Yellow fumitory
Magnoliopsida,Pedaliaceae,Sesamum,indicum,Sésamo,Sesame
Pinopsida,Pinaceae,Abies,alba,Abeto blanco,Silver fir
Pinopsida,Pinaceae,Abies,pinsapo,Pinsapo,Spanish fir
Pinopsida,Pinaceae,Cedrus,libani,Cedro del Líbano,Cedar of Lebanon
Pinopsida,Pinaceae,Pinus,halepensis,Pino carrasco,Aleppo pine
Pinopsida,Pinaceae,Pinus,mago,,
Pinopsida,Pinaceae,Pinus,nigra,Pino negro,Black pine
Pinopsida,Pinaceae,Pinus,pinaster,Pino rodeno,Maritime pine
Pinopsida,Pinaceae,Pinus,pinea,Pino piñonero,Stone pine
Pinopsida,Pinaceae,Pinus,sylvestris,Pino silvestre,Scots pine
Magnoliopsida,Plantaginaceae,Asarina,procumbens,,
Magnoliopsida,Plantaginaceae,Callitriche,stagnalis,,Common water-starwort
Magnoliopsida,Plantaginaceae,Chaenorhinum,origanifolium,,
Magnoliopsida,Plantaginaceae,Chaenorhinum,rubrifolium,,
Magnoliopsida,Plantaginaceae,Cymbalaria,muralis,Glarieta,Ivy-leaved toadflax
Magnoliopsida,Plantaginaceae,Digitalis,ferruginea,Dedalera herrumbrosa,Rusty foxglove
Magnoliopsida,Plantaginaceae,Digitalis,grandiflora,Dedalera de flor grande,Large yellow foxglove
Magnoliopsida,Plantaginaceae,Digitalis,lanata,Dedalera lanosa,Woolly foxglove
Magnoliopsida,Plantaginaceae,Digitalis,obscura,Dedalera oscura,
Magnoliopsida,Plantaginaceae,Digitalis,parviflora,,
Magnoliopsida,Plantaginaceae,Digitalis,purpurea,Dedalera,Foxglove
Magnoliopsida,Plantaginaceae,Digitalis,sanguinea,,
Magnoliopsida,Plantaginaceae,Globularia,alypum,Coronilla de fraile,
Magnoliopsida,Plantaginaceae,Globularia,bisnagarica,,
Magnoliopsida,Plantaginaceae,Globularia,vulgaris,Globularia,Globe daisy
Magnoliopsida,Plantaginaceae,Kickxia,elatine,,Sharp-leaved fluellen
Magnoliopsida,Plantaginaceae,Kickxia,spuria,,Round-leaved fluellen
Magnoliopsida,Plantaginaceae,Linaria,alpina,,Alpine toadflax
Magnoliopsida,Plantaginaceae,Linaria,repens,,Pale toadflax
Magnoliopsida,Plantaginaceae,Linaria,simplex,,
Magnoliopsida,Plantaginaceae,Linaria,triornithophora,,
Magnoliopsida,Plantaginaceae,Linaria,vulgaris,Linaria,Common toadflax
Magnoliopsida,Plantaginaceae,Micranthemum,umbrosum,,
Magnoliopsida,Plantaginaceae,Plantago,afra,,
Magnoliopsida,Plantaginaceae,Plantago,albicans,,
Magnoliopsida,Plantaginaceae,Plantago,argentea,,
Magnoliopsida,Plantaginaceae,Plantago,artera,,
Magnoliopsida,Plantaginaceae,Plantago,coronopus,Cuernecillo,Buck's-horn plantain
Magnoliopsida,Plantaginaceae,Plantago,holosteum,,
Magnoliopsida,Plantaginaceae,Plantago,laciniata,,
Magnoliopsida,Plantaginaceae,Plantago,lanceolata,Llantén menor,Ribwort plantain
Magnoliopsida,Plantaginaceae,Plantago,major,Llantén mayor,Greater plantain
Magnoliopsida,Plantaginaceae,Plantago,media,Llantén mediano,Hoary plantain
Magnoliopsida,Plantaginaceae,Plantago,montana,,
Magnoliopsida,Plantaginaceae,Plantago,nivalis,,
Magnoliopsida,Plantaginaceae,Plantago,ovata,Zaragatona,Plantain
Magnoliopsida,Plantaginaceae,Plantago,sempervirens,,
Magnoliopsida,Plantaginaceae,Veronica,agrestis,,
Magnoliopsida,Plantaginaceae,Veronica,alpina,,Alpine speedwell
Magnoliopsida,Plantaginaceae,Veronica,anagallis-aquatica,,Water speedwell
Magnoliopsida,Plantaginaceae,Veronica,arvensis,,Wall speedwell
Magnoliopsida,Plantaginaceae,Veronica,austriaca,,
Magnoliopsida,Plantaginaceae,Veronica,beccabunga,Berro de agua,Brooklime
Magnoliopsida,Plantaginaceae,Veronica,chamaedrys,Verónica,Germander speedwell
Magnoliopsida,Plantaginaceae,Veronica,fruticans,,
Magnoliopsida,Plantaginaceae,Veronica,hederifolia,Verónica de hiedra,Ivy-leaved speedwell
Magnoliopsida,Plantaginaceae,Veronica,incana,,
Magnoliopsida,Plantaginaceae,Veronica,montana,,Wood speedwell
Magnoliopsida,Plantaginaceae,Veronica,officinalis,Verónica,Heath speedwell
Magnoliopsida,Plantaginaceae,Veronica,persico,,Common field-speedwell
Magnoliopsida,Plantaginaceae,Veronica,ponae,Verónica,
Magnoliopsida,Plantaginaceae,Veronica,prostrata,,Prostrate speedwell
Magnoliopsida,Plantaginaceae,Veronica,serpyllifolia,,Thyme-leaved speedwell
Magnoliopsida,Plantaginaceae,Veronica,spicata,Verónica espigada,Spiked speedwell
Magnoliopsida,Plantaginaceae,Veronica,urticifolia,,
Magnoliopsida,Platanaceae,Platanus,hispanica,Plátano,London plane
Magnoliopsida,Platanaceae,Platanus,orientalis,Plátano oriental,Oriental plane
Magnoliopsida,Plumbaginaceae,Armeria,alliacea,,
Magnoliopsida,Plumbaginaceae,Armeria,arenaria,,
Magnoliopsida,Plumbaginaceae,Armeria,pungens,,
Magnoliopsida,Plumbaginaceae,Armeria,splenders,,
Magnoliopsida,Plumbaginaceae,Armeria,maritima,Armeria marítima,Thrift / Sea pink
Magnoliopsida,Plumbaginaceae,Plumbago,europaea,Belesa,
Liliopsida,Poaceae,Achnatherum,bromoides,,
Liliopsida,Poaceae,Achnatherum,calamagrostis,Lastón blanco,Silver spike grass
Liliopsida,Poaceae,Aegilops,biuncialis,,
Liliopsida,Poaceae,Aegilops,caudata,,
Liliopsida,Poaceae,Aegilops,ovata,,
Liliopsida,Poaceae,Aegilops,geniculata,,
Liliopsida,Poaceae,Aegilops,peregrina,,
Liliopsida,Poaceae,Aegilops,speltoides,,
Liliopsida,Poaceae,Aegilops,tauschii,,
Liliopsida,Poaceae,Aegilops,triuncialis,,
Liliopsida,Poaceae,Aegilops,ventricosa,,
Liliopsida,Poaceae,Agrostis,capillaris,Agrostis,Common bent
Liliopsida,Poaceae,Agrostis,castellana,,
Liliopsida,Poaceae,Agrostis,nebulosa,Nébula,Cloud grass
Liliopsida,Poaceae,Agrostis,stolonifera,Agrostis estolonífera,Creeping bent
Liliopsida,Poaceae,Aira,caryophyllea,,Silver hair-grass
Liliopsida,Poaceae,Alopecurus,lanatus,,
Liliopsida,Poaceae,Alopecurus,myosuroides,Cola de ratón,Black-grass
Liliopsida,Poaceae,Alopecurus,pratensis,Cola de zorro,Meadow foxtail
Liliopsida,Poaceae,Ampelodaemos,mauritanicus,,
Liliopsida,Poaceae,Anisantha,rigida,,
Liliopsida,Poaceae,Anisantha,sterilis,,Barren brome
Liliopsida,Poaceae,Anisantha,tectorum,,Drooping brome
Liliopsida,Poaceae,Avena,barbata,Avena barbada,Slender oat
Liliopsida,Poaceae,Avena,fatua,Avena loca,Wild oat
Liliopsida,Poaceae,Avena,sativa,Avena,Oat
Liliopsida,Poaceae,Avena,sterilis,Avena estéril,Animated oat
Liliopsida,Poaceae,Avena,strigosa,Avena negra,Black oat
Liliopsida,Poaceae,Avenula,bromoides,,
Liliopsida,Poaceae,Avenula,pubescens,,Hairy oat
Liliopsida,Poaceae,Brachypodium,distachyon,Brachypodio,False brome
Liliopsida,Poaceae,Brachypodium,pinnatum,Brachypodio pinnado,Tor grass
Liliopsida,Poaceae,Brachypodium,sylvaticum,Brachypodio silvestre,False brome
Liliopsida,Poaceae,Briza,maxima,Lágrimas de la Virgen,Greater quaking grass
Liliopsida,Poaceae,Briza,media,Briza,Quaking grass
Liliopsida,Poaceae,Bromus,arvensis,Bromo de campo,Field brome
Liliopsida,Poaceae,Bromus,erectus,Bromo erecto,Upright brome
Liliopsida,Poaceae,Bromus,hordeaceus,Bromo blando,Soft brome
Liliopsida,Poaceae,Bromus,lanceolatus,,
Liliopsida,Poaceae,Bromus,madritensis,Bromo de Madrid,Compact brome
Liliopsida,Poaceae,Bromus,ramosus,Bromo ramoso,Hairy brome
Liliopsida,Poaceae,Bromus,rigidus,,Rigid brome
Liliopsida,Poaceae,Bromus,rubens,,Red brome
Liliopsida,Poaceae,Bromus,secalinus,,Rye brome
Liliopsida,Poaceae,Bromus,sterilis,Bromo estéril,Barren brome
Liliopsida,Poaceae,Bromus,tectorum,,Drooping brome
Liliopsida,Poaceae,Cutandia,divaricata,,
Liliopsida,Poaceae,Cutandia,maritima,,
Liliopsida,Poaceae,Cynodon,dactylon,Grama,Bermuda grass
Liliopsida,Poaceae,Cynosurus,cristatus,Cola de perro,Crested dogstail
Liliopsida,Poaceae,Dactylis,glomerata,Dáctilo,Cock's-foot
Liliopsida,Poaceae,Desmazeria,marina,,
Liliopsida,Poaceae,Festuca,arundinacea,Festuca cañuela,Tall fescue
Liliopsida,Poaceae,Festuca,elegans,,
Liliopsida,Poaceae,Festuca,heterophylla,,Various-leaved fescue
Liliopsida,Poaceae,Festuca,laevigata,,
Liliopsida,Poaceae,Festuca,myuros,,Rat's-tail fescue
Liliopsida,Poaceae,Festuca,ovina,Festuca ovina,Sheep's fescue
Liliopsida,Poaceae,Festuca,pratensis,Festuca de prado,Meadow fescue
Liliopsida,Poaceae,Festuca,punctoria,,
Liliopsida,Poaceae,Festuca,rubra,Festuca roja,Red fescue
Liliopsida,Poaceae,Festuca,trichophylla,,Slender creeping fescue
Liliopsida,Poaceae,Glyceria,fluitans,Gliceria flotante,Floating sweet-grass
Liliopsida,Poaceae,Holcus,lanatus,Holco lanoso,Yorkshire fog
Liliopsida,Poaceae,Holcus,mollis,Holco blando,Creeping soft-grass
Liliopsida,Poaceae,Hordeum,marinum,Cebada marina,Sea barley
Liliopsida,Poaceae,Hordeum,murinum,Cebada de ratón,Wall barley
Liliopsida,Poaceae,Hordeum,secalinum,,Meadow barley
Liliopsida,Poaceae,Hordeum,vulgare,Cebada,Barley
Liliopsida,Poaceae,Hordeum,vulgare ssp. distichon,Cebada de dos carreras,Two-row barley
Liliopsida,Poaceae,Hordeum,vulgare ssp. hexastichon,Cebada de seis carreras,Six-row barley
Liliopsida,Poaceae,Hordeum,vulgare ssp. vulgare,Cebada desnuda,Naked barley
Liliopsida,Poaceae,Leersial,oryzoides,,
Liliopsida,Poaceae,Lolium,multiflorum,Ballico italiano,Italian ryegrass
Liliopsida,Poaceae,Lolium,perenne,Ballico,Perennial ryegrass
Liliopsida,Poaceae,Lolium,rigidum,Ballico rígido,
Liliopsida,Poaceae,Lolium,temulentum,Zizaña,Darnel
Liliopsida,Poaceae,Lygeum,spartum,Esparto basto,
Liliopsida,Poaceae,Molinia,caerulea,Molinia azul,Purple moor-grass
Liliopsida,Poaceae,Oryza,sativa,Arroz,Rice
Liliopsida,Poaceae,Oryzopsis,coerulescens,,
Liliopsida,Poaceae,Oryzopsis,miliacea,Millo,
Liliopsida,Poaceae,Phleum,alpinum,,Alpine cat's-tail
Liliopsida,Poaceae,Phleum,bertolonii,,
Liliopsida,Poaceae,Phleum,hirsutum,,
Liliopsida,Poaceae,Phleum,nodosum,,
Liliopsida,Poaceae,Phleum,paniculatum,,
Liliopsida,Poaceae,Phleum,phleoides,,
Liliopsida,Poaceae,Phleum,pratense,Fleo,Timothy grass
Liliopsida,Poaceae,Phleum,rhaeticum,,
Liliopsida,Poaceae,Phragmites,australis,Carrizo,Common reed
Liliopsida,Poaceae,Poa,alpina,Poa alpina,Alpine meadow grass
Liliopsida,Poaceae,Poa,annua,Poa anual,Annual meadow grass
Liliopsida,Poaceae,Poa,bulbosa,Poa bulbosa,Bulbous meadow grass
Liliopsida,Poaceae,Poa,chaixii,,
Liliopsida,Poaceae,Poa,nemoralis,,Wood meadow grass
Liliopsida,Poaceae,Poa,pratensis,Poa de prado,Smooth meadow grass
Liliopsida,Poaceae,Poa,trivialis,Poa trivial,Rough meadow grass
Liliopsida,Poaceae,Setaria,italica,Panizo,Foxtail millet
Liliopsida,Poaceae,Setaria,pumila,,Yellow foxtail
Liliopsida,Poaceae,Setaria,verticillata,,
Liliopsida,Poaceae,Sorghum,bicolor,Sorgo,Sorghum
Liliopsida,Poaceae,Sorghum,halepense,Sorgo de Alepo,Johnson grass
Liliopsida,Poaceae,Stipa,gigantea,Espartera,Giant feather grass
Liliopsida,Poaceae,Stipa,junceo,,
Liliopsida,Poaceae,Stipa,pennata,Stipa,Feather grass
Liliopsida,Poaceae,Stipa,pulcherrima,,
Liliopsida,Poaceae,Stipa,tenacissima,Esparto,Esparto grass
Liliopsida,Poaceae,Trisetum,flavescens,Triseto,Yellow oat grass
Liliopsida,Poaceae,Trisetum,paniceum,,
Liliopsida,Poaceae,Triticum,aestivum,Trigo,Wheat
Liliopsida,Poaceae,Triticum,boeticum,,
Liliopsida,Poaceae,Triticum,dicoccon,Espelta menor,Emmer
Liliopsida,Poaceae,Triticum,durum,Trigo duro,Durum wheat
Liliopsida,Poaceae,Triticum,monococcum,Escanda menor,Einkorn wheat
Liliopsida,Poaceae,Triticum,spelta,Espelta,Spelt
Liliopsida,Poaceae,Triticum,tauschii,,
Liliopsida,Poaceae,Triticum,timopheevii,,
Liliopsida,Poaceae,Triticum,turgidum,Trigo redondo,Rivet wheat
Liliopsida,Poaceae,Triticum,vagans,,
Magnoliopsida,Polygalaceae,Polygala,calcarea,,
Magnoliopsida,Polygalaceae,Polygala,comosa,,
Magnoliopsida,Polygalaceae,Polygala,nicaeensis,,
Magnoliopsida,Polygalaceae,Polygala,rupestris,,
Magnoliopsida,Polygalaceae,Polygala,vulgaris,Polígala vulgar,Common milkwort
Magnoliopsida,Polygonaceae,Fallopia,convolvulus,,Black bindweed
Magnoliopsida,Polygonaceae,Fallopia,dumetorum,,
Magnoliopsida,Polygonaceae,Persicaria,bistorta,Bistorta,Common bistort
Magnoliopsida,Polygonaceae,Persicaria,hydropiper,Pimienta de agua,Water pepper
Magnoliopsida,Polygonaceae,Persicaria,lapathifolia,,Pale persicaria
Magnoliopsida,Polygonaceae,Persicaria,minor,,Small water pepper
Magnoliopsida,Polygonaceae,Persicaria,maculosa,Persicaria,Redshank
Magnoliopsida,Polygonaceae,Polygonum,aviculare,Centinodia,Knotgrass
Magnoliopsida,Polygonaceae,Polygonum,maritimum,,Sea knotgrass
Magnoliopsida,Polygonaceae,Rumex,acetosa,Acedera,Common sorrel
Magnoliopsida,Polygonaceae,Rumex,acetosella,Acedera menor,Sheep's sorrel
Magnoliopsida,Polygonaceae,Rumex,aquaticus,,Water dock
Magnoliopsida,Polygonaceae,Rumex,arifolius,,
Magnoliopsida,Polygonaceae,Rumex,bucephalophorus,,
Magnoliopsida,Polygonaceae,Rumex,conglomeratus,Romaza,Clustered dock
Magnoliopsida,Polygonaceae,Rumex,crispus,Romaza crespa,Curled dock
Magnoliopsida,Polygonaceae,Rumex,cristatus,,
Magnoliopsida,Polygonaceae,Rumex,hydrolapathum,,Water dock
Magnoliopsida,Polygonaceae,Rumex,intermedius,,
Magnoliopsida,Polygonaceae,Rumex,longifolius,,Northern dock
Magnoliopsida,Polygonaceae,Rumex,montanus,,
Magnoliopsida,Polygonaceae,Rumex,obtusifolius,Romaza,Broad-leaved dock
Magnoliopsida,Polygonaceae,Rumex,palustris,,Marsh dock
Magnoliopsida,Polygonaceae,Rumex,pulcher,,Fiddle dock
Magnoliopsida,Polygonaceae,Rumex,scutatus,,French sorrel
Magnoliopsida,Polygonaceae,Rumex,sanguineus,Romaza sanguínea,Wood dock
Polypodiopsida,Polypodiaceae,Polypodium,cambricum,,Southern polypody
Polypodiopsida,Polypodiaceae,Polypodium,interjectum,,Intermediate polypody
Polypodiopsida,Polypodiaceae,Polypodium,vulgare,Polipolio,Common polypody
Magnoliopsida,Primulaceae,Anagallis,arvensis,Murajes,Scarlet pimpernel
Magnoliopsida,Primulaceae,Anagallis,foemina,,Blue pimpernel
Magnoliopsida,Primulaceae,Coris,monspeliensis,,
Magnoliopsida,Primulaceae,Cyclamen,hederifolium,Ciclamen,Cyclamen
Magnoliopsida,Primulaceae,Lysimachia,ephemerum,,
Magnoliopsida,Primulaceae,Lysimachia,foemina,,
Magnoliopsida,Primulaceae,Lysimachia,nummularia,Hierba de la moneda,Creeping-Jenny
Magnoliopsida,Primulaceae,Lysimachia,punctata,Lisimaquia puntada,Yellow loosestrife
Magnoliopsida,Primulaceae,Lysimachia,vulgaris,Lisimaquia,Garden loosestrife
Magnoliopsida,Primulaceae,Primula,auricula,Oreja de oso,Auricula
Magnoliopsida,Primulaceae,Primula,elatior,Primavera,Oxlip
Magnoliopsida,Primulaceae,Primula,farinosa,,Bird's eye primrose
Magnoliopsida,Primulaceae,Primula,grandiflora,,
Magnoliopsida,Primulaceae,Primula,integrifolia,,
Magnoliopsida,Primulaceae,Primula,latifolia,,
Magnoliopsida,Primulaceae,Primula,longiflora,,
Magnoliopsida,Primulaceae,Primula,vulgaris,Primavera,Primrose
Polypodiopsida,Pteridaceae,Adiantum,capillus-veneris,Culantrillo de pozo,Venus hair fern
Magnoliopsida,Ranunculaceae,Aconitum,anthora,,
Magnoliopsida,Ranunculaceae,Aconitum,lycoctonum,Acónito lobo,Wolf's bane
Magnoliopsida,Ranunculaceae,Aconitum,napellus,Acónito,Monkshood
Magnoliopsida,Ranunculaceae,Aconitum,variegatum,,
Magnoliopsida,Ranunculaceae,Aconitum,vulparia,,
Magnoliopsida,Ranunculaceae,Actaea,spicata,Hierba de San Cristóbal,Baneberry
Magnoliopsida,Ranunculaceae,Adonis,aestivalis,Ojo de perdiz,Summer pheasant's eye
Magnoliopsida,Ranunculaceae,Adonis,annua,Adonis anual,Pheasant's eye
Magnoliopsida,Ranunculaceae,Adonis,vernalis,Adonis de primavera,Spring pheasant's eye
Magnoliopsida,Ranunculaceae,Anemone,alpina,,Alpine anemone
Magnoliopsida,Ranunculaceae,Anemone,coronaria,Anemone de jardín,Poppy anemone
Magnoliopsida,Ranunculaceae,Anemone,hepatica,Hepática,Hepatica
Magnoliopsida,Ranunculaceae,Anemone,narcissiflora,,
Magnoliopsida,Ranunculaceae,Anemone,nemorosa,Anémona de bosque,Wood anemone
Magnoliopsida,Ranunculaceae,Anemone,palmata,,
Magnoliopsida,Ranunculaceae,Anemone,pratensis,,Meadow anemone
Magnoliopsida,Ranunculaceae,Anemone,pulsatilla,Pulsatila,Pasque flower
Magnoliopsida,Ranunculaceae,Anemone,sylvestris,Anémona silvestre,Snowdrop anemone
Magnoliopsida,Ranunculaceae,Anemone,ranunculoides,,Yellow anemone
Magnoliopsida,Ranunculaceae,Aquilegia,cazorlenesis,,
Magnoliopsida,Ranunculaceae,Aquilegia,vulgaris,Aguileña,Columbine
Magnoliopsida,Ranunculaceae,Ceratocephala,falcata,,
Magnoliopsida,Ranunculaceae,Clematis,campaniflora,,
Magnoliopsida,Ranunculaceae,Clematis,flammula,Clemátide,Fragrant clematis
Magnoliopsida,Ranunculaceae,Clematis,integrifolia,,
Magnoliopsida,Ranunculaceae,Clematis,recta,,
Magnoliopsida,Ranunculaceae,Clematis,vitalba,Hierba de los mendigos,Traveller's joy
Magnoliopsida,Ranunculaceae,Delphinium,ajacis,Espuela de caballero,Larkspur
Magnoliopsida,Ranunculaceae,Delphinium,consolida,Espuela de caballero,Consolida
Magnoliopsida,Ranunculaceae,Delphinium,elatum,Delfinio,Tall larkspur
Magnoliopsida,Ranunculaceae,Delphinium,pictum,,
Magnoliopsida,Ranunculaceae,Eranthis,hiemalis,Acónito de invierno,Winter aconite
Magnoliopsida,Ranunculaceae,Helleborus,foetidus,Eléboro fétido,Stinking hellebore
Magnoliopsida,Ranunculaceae,Helleborus,niger,Rosa de Navidad,Christmas rose
Magnoliopsida,Ranunculaceae,Helleborus,viridis,Eléboro verde,Green hellebore
Magnoliopsida,Ranunculaceae,Hepatica,nobilis,Hepática,Hepatica
Magnoliopsida,Ranunculaceae,Nigella,arvensis,Arañuela,Wild fennel flower
Magnoliopsida,Ranunculaceae,Nigella,damascena,Arañuela,Love-in-a-mist
Magnoliopsida,Ranunculaceae,Nigella,hispanica,,
Magnoliopsida,Ranunculaceae,Ranunculus,aconitifolius,,Aconite-leaved buttercup
Magnoliopsida,Ranunculaceae,Ranunculus,acris,Ranúnculo,Meadow buttercup
Magnoliopsida,Ranunculaceae,Ranunculus,aquatilis,Ranúnculo acuático,Common water-crowfoot
Magnoliopsida,Ranunculaceae,Ranunculus,arvensis,Ranúnculo de los campos,Corn buttercup
Magnoliopsida,Ranunculaceae,Ranunculus,bulbosus,Ranúnculo bulboso,Bulbous buttercup
Magnoliopsida,Ranunculaceae,Ranunculus,ficaria,Celidonia menor,Lesser celandine
Magnoliopsida,Ranunculaceae,Ranunculus,flammula,Ranúnculo llama,Lesser spearwort
Magnoliopsida,Ranunculaceae,Ranunculus,gramineus,,Grass-leaved buttercup
Magnoliopsida,Ranunculaceae,Ranunculus,lanuginosus,,
Magnoliopsida,Ranunculaceae,Ranunculus,lingua,,Greater spearwort
Magnoliopsida,Ranunculaceae,Ranunculus,millefoliatus,,
Magnoliopsida,Ranunculaceae,Ranunculus,muricatus,,
Magnoliopsida,Ranunculaceae,Ranunculus,neopheliasus,,
Magnoliopsida,Ranunculaceae,Ranunculus,parnassifolius,,
Magnoliopsida,Ranunculaceae,Ranunculus,platanifolius,,
Magnoliopsida,Ranunculaceae,Ranunculus,polyanthemos,,
Magnoliopsida,Ranunculaceae,Ranunculus,repens,Ranúnculo rastrero,Creeping buttercup
Magnoliopsida,Ranunculaceae,Ranunculus,sardous,,Hairy buttercup
Magnoliopsida,Ranunculaceae,Ranunculus,sceleration,,Celery-leaved buttercup
Magnoliopsida,Ranunculaceae,Ranunculus,thora,,
Magnoliopsida,Ranunculaceae,Ranunculus,trilobus,,
Magnoliopsida,Ranunculaceae,Thalictrum,alpinum,Talictrón alpino,Alpine meadow-rue
Magnoliopsida,Ranunculaceae,Thalictrum,aquilegiifolium,Talictrón,Greater meadow-rue
Magnoliopsida,Ranunculaceae,Thalictrum,flavum,Talictrón amarillo,Common meadow-rue
Magnoliopsida,Ranunculaceae,Thalictrum,foetidum,,
Magnoliopsida,Ranunculaceae,Thalictrum,minus,Talictrón menor,Lesser meadow-rue
Magnoliopsida,Ranunculaceae,Thalictrum,tuberosum,,
Magnoliopsida,Resedaceae,Reseda,alba,Reseda blanca,White mignonette
Magnoliopsida,Resedaceae,Reseda,complicata,,
Magnoliopsida,Resedaceae,Reseda,glauca,,
Magnoliopsida,Resedaceae,Reseda,lutea,Reseda amarilla,Wild mignonette
Magnoliopsida,Resedaceae,Reseda,luteola,Gualda,Weld
Magnoliopsida,Resedaceae,Reseda,odorata,,
Magnoliopsida,Resedaceae,Reseda,phyteuma,,
Magnoliopsida,Resedaceae,Reseda,suffruticosa,,
Magnoliopsida,Rhamnaceae,Rhamnus,alaternus,Aladierno,Mediterranean buckthorn
Magnoliopsida,Rhamnaceae,Rhamnus,alpinus,,Alpine buckthorn
Magnoliopsida,Rhamnaceae,Rhamnus,cathartica,Espino negro,Purging buckthorn
Magnoliopsida,Rhamnaceae,Rhamnus,lycioides,,
Magnoliopsida,Rhamnaceae,Ziziphus,zizyphus,Azufaifo,Jujube
Magnoliopsida,Rosaceae,Agrimonia,eupatoria,Agrimonia,Agrimony
Magnoliopsida,Rosaceae,Agrimonia,procera,,Fragrant agrimony
Magnoliopsida,Rosaceae,Agrimonia,repens,,
Magnoliopsida,Rosaceae,Alchemilla,alpigena,,
Magnoliopsida,Rosaceae,Alchemilla,alpina,Alquimila alpina,Alpine lady's mantle
Magnoliopsida,Rosaceae,Alchemilla,conjuncta,,
Magnoliopsida,Rosaceae,Alchemilla,fischeri,,
Magnoliopsida,Rosaceae,Alchemilla,glabra,,
Magnoliopsida,Rosaceae,Alchemilla,glaucescens,,
Magnoliopsida,Rosaceae,Alchemilla,vulgaris,Alquimila,Lady's mantle
Magnoliopsida,Rosaceae,Alchemilla,xanthochlora,,
Magnoliopsida,Rosaceae,Aruncus,dioicus,Barba de cabra,Buck's beard
Magnoliopsida,Rosaceae,Cotoneaster,integerrimus,,Common cotoneaster
Magnoliopsida,Rosaceae,Cotoneaster,tomentosus,,
Magnoliopsida,Rosaceae,Cotoneaster,nebrodensis,,
Magnoliopsida,Rosaceae,Cotoneaster,obtusifolius,,
Magnoliopsida,Rosaceae,Crataegus,laevigata,,Midland hawthorn
Magnoliopsida,Rosaceae,Crataegus,monogyna,Espino blanco,Common hawthorn
Magnoliopsida,Rosaceae,Filipendula,ulmaria,Reina de los prados,Meadowsweet
Magnoliopsida,Rosaceae,Filipendula,vulgaris,Filipéndula,Dropwort
Magnoliopsida,Rosaceae,Geum,coccineum,,
Magnoliopsida,Rosaceae,Geum,montanum,Geum de montaña,Mountain avens
Magnoliopsida,Rosaceae,Geum,pyrenaicum,,
Magnoliopsida,Rosaceae,Geum,rivale,Cariofilada de riachuelo,Water avens
Magnoliopsida,Rosaceae,Geum,urbanum,Cariofilada,Wood avens
Magnoliopsida,Rosaceae,Potentilla,anserina,Plateada,Silverweed
Magnoliopsida,Rosaceae,Potentilla,argentea,,Hoary cinquefoil
Magnoliopsida,Rosaceae,Potentilla,aurea,Potentila áurea,Golden cinquefoil
Magnoliopsida,Rosaceae,Potentilla,cinerea,,
Magnoliopsida,Rosaceae,Potentilla,erecta,Tormentila,Tormentil
Magnoliopsida,Rosaceae,Potentilla,fragarioides,,
Magnoliopsida,Rosaceae,Potentilla,frigida,,
Magnoliopsida,Rosaceae,Potentilla,grandiflora,,Large-flowered cinquefoil
Magnoliopsida,Rosaceae,Potentilla,hyparctica,,
Magnoliopsida,Rosaceae,Potentilla,micrantha,,Pink barren strawberry
Magnoliopsida,Rosaceae,Potentilla,nevadensis,,
Magnoliopsida,Rosaceae,Potentilla,nivea,,
Magnoliopsida,Rosaceae,Potentilla,pedata,,
Magnoliopsida,Rosaceae,Potentilla,pyrenaica,Potentila pirenaica,
Magnoliopsida,Rosaceae,Potentilla,reptans,Cincoenrama,Creeping cinquefoil
Magnoliopsida,Rosaceae,Potentilla,sterilis,,Barren strawberry
Magnoliopsida,Rosaceae,Prunus,armeniaca,Albaricoquero,Apricot
Magnoliopsida,Rosaceae,Prunus,avium,Cerezo silvestre,Wild cherry
Magnoliopsida,Rosaceae,Prunus,cerasus,Guindo,Sour cherry
Magnoliopsida,Rosaceae,Prunus,domestica,Ciruelo,Plum
Magnoliopsida,Rosaceae,Prunus,domestica ssp. insititia,Ciruela damascena,Damson
Magnoliopsida,Rosaceae,Prunus,dulcis,Almendro,Almond
Magnoliopsida,Rosaceae,Prunus,laurocerasus,Lauroceraso,Cherry laurel
Magnoliopsida,Rosaceae,Prunus,lusitanica,Loro,Portugal laurel
Magnoliopsida,Rosaceae,Prunus,mahaleb,Cerezo de Santa Lucía,Mahaleb cherry
Magnoliopsida,Rosaceae,Prunus,padus,Cerezo aliso,Bird cherry
Magnoliopsida,Rosaceae,Prunus,persica,Melocotonero,Peach
Magnoliopsida,Rosaceae,Prunus,spinosa,Endrino,Blackthorn
Magnoliopsida,Rosaceae,Prunus,tenella,,
Magnoliopsida,Rosaceae,Pyracantha,coccinea,Piracanta,Firethorn
Magnoliopsida,Rosaceae,Pyrus,communis,Peral,Wild pear
Magnoliopsida,Rosaceae,Pyrus,pyraster,,
Magnoliopsida,Rosaceae,Pyrus,spinosa,,
Magnoliopsida,Rosaceae,Rosa,agrestis,,
Magnoliopsida,Rosaceae,Rosa,canina,Rosal silvestre,Dog rose
Magnoliopsida,Rosaceae,Rosa,cassia,,
Magnoliopsida,Rosaceae,Rosa,dumalis,,Glaucous dog rose
Magnoliopsida,Rosaceae,Rosa,gallica,Rosa de Francia,French rose
Magnoliopsida,Rosaceae,Rosa,glauca,Rosa glauca,Redleaf rose
Magnoliopsida,Rosaceae,Rosa,pendulina,Rosa alpina,Alpine rose
Magnoliopsida,Rosaceae,Rosa,pimpinellifolia,Rosal pimpinela,Burnet rose
Magnoliopsida,Rosaceae,Rosa,sempervirens,Rosal siempreverde,Evergreen rose
Magnoliopsida,Rosaceae,Rosa,spinosissima,,Burnet rose
Magnoliopsida,Rosaceae,Rosa,stylosa,,
Magnoliopsida,Rosaceae,Rosa,tomentosa,,Harsh downy rose
Magnoliopsida,Rosaceae,Rubus,caesius,Zarza menor,Dewberry
Magnoliopsida,Rosaceae,Rubus,canescens,,
Magnoliopsida,Rosaceae,Rubus,idaeus,Frambuesa,Raspberry
Magnoliopsida,Rosaceae,Rubus,saxatilis,,Stone bramble
Magnoliopsida,Rosaceae,Sanguisorba,dodecandra,,
Magnoliopsida,Rosaceae,Sanguisorba,minor,Pimpinela menor,Salad burnet
Magnoliopsida,Rosaceae,Sanguisorba,officinalis,Pimpinela mayor,Great burnet
Magnoliopsida,Rosaceae,Sibbaldian,procumbens,,
Magnoliopsida,Rosaceae,Sorbus,aria,Mostajo,Whitebeam
Magnoliopsida,Rosaceae,Sorbus,aucuparia,Serbal de los cazadores,Rowan
Magnoliopsida,Rosaceae,Sorbus,domestica,Serbal doméstico,Service tree
Magnoliopsida,Rosaceae,Sorbus,hybrida,,
Magnoliopsida,Rosaceae,Sorbus,mougeotii,,
Magnoliopsida,Rosaceae,Sorbus,torminalis,Mostajo,Wild service tree
Magnoliopsida,Rosaceae,Spiraea,crenata,,
Magnoliopsida,Rosaceae,Spiraea,salicifolia,,Bridewort
Magnoliopsida,Rubiaceae,Asperula,arvensis,,Blue woodruff
Magnoliopsida,Rubiaceae,Asperula,cynanchica,Asperilla,Squinancywort
Magnoliopsida,Rubiaceae,Asperula,purpurea,,
Magnoliopsida,Rubiaceae,Asperula,tinctoria,Rubia silvestre,
Magnoliopsida,Rubiaceae,Coffea,arabica,Cafeto,Coffee plant
Magnoliopsida,Rubiaceae,Galium,album,,
Magnoliopsida,Rubiaceae,Galium,aparine,Amor de hortelano,Cleavers
Magnoliopsida,Rubiaceae,Galium,lucidum,,
Magnoliopsida,Rubiaceae,Galium,mollugo,Cuajaleche,Hedge bedstraw
Magnoliopsida,Rubiaceae,Galium,odoratum,Asperilla olorosa,Sweet woodruff
Magnoliopsida,Rubiaceae,Galium,palustre,Galio de pantano,Marsh bedstraw
Magnoliopsida,Rubiaceae,Galium,pumilum,,Slender bedstraw
Magnoliopsida,Rubiaceae,Galium,rotundifolium,,
Magnoliopsida,Rubiaceae,Galium,spurium,,
Magnoliopsida,Rubiaceae,Galium,verum,Cuajaleche amarillo,Lady's bedstraw
Magnoliopsida,Rubiaceae,Rubia,peregrina,Rubia silvestre,Wild madder
Magnoliopsida,Rubiaceae,Rubia,tinctorum,Rubia de tintoreros,Madder
Magnoliopsida,Rutaceae,Citrus,aurantium,Naranjo amargo,Bitter orange
Magnoliopsida,Rutaceae,Citrus,limon,Limonero,Lemon
Magnoliopsida,Rutaceae,Citrus,sinensis,Naranjo dulce,Sweet orange
Magnoliopsida,Rutaceae,Citrus,rediculosa,,
Magnoliopsida,Rutaceae,Ruta,chalepensis,Ruda de Alepo,Fringed rue
Magnoliopsida,Rutaceae,Ruta,graveolens,Ruda,Rue
Magnoliopsida,Rutaceae,Ruta,montana,,Mountain rue
Magnoliopsida,Sapindaceae,Acer,campestre,Arce menor,Field maple
Magnoliopsida,Sapindaceae,Acer,monspessulanum,Arce de Montpellier,Montpellier maple
Magnoliopsida,Sapindaceae,Acer,opalus,Arce italiano,Italian maple
Magnoliopsida,Sapindaceae,Acer,platanoides,Arce real,Norway maple
Magnoliopsida,Sapindaceae,Acer,pseudoplatanus,Falso plátano,Sycamore maple
Magnoliopsida,Sapindaceae,Aesculus,hippocastanum,Castaño de Indias,Horse chestnut
Magnoliopsida,Saxifragaceae,Saxifraga,aizoides,,Yellow mountain saxifrage
Magnoliopsida,Saxifragaceae,Saxifraga,canaliculata,,
Magnoliopsida,Saxifragaceae,Saxifraga,cotyledon,,
Magnoliopsida,Saxifragaceae,Saxifraga,cunefolia,,
Magnoliopsida,Saxifragaceae,Saxifraga,cymbalaria,,
Magnoliopsida,Saxifragaceae,Saxifraga,granulata,Saxifraga granulada,Meadow saxifrage
Magnoliopsida,Saxifragaceae,Saxifraga,hirsuta,,
Magnoliopsida,Saxifragaceae,Saxifraga,hostii,,
Magnoliopsida,Saxifragaceae,Saxifraga,oppositifolia,Saxifraga purpúrea,Purple saxifrage
Magnoliopsida,Saxifragaceae,Saxifraga,rotundifolia,,Round-leaved saxifrage
Magnoliopsida,Saxifragaceae,Saxifraga,spathularis,,
Magnoliopsida,Saxifragaceae,Saxifraga,stellaris,,Starry saxifrage
Magnoliopsida,Saxifragaceae,Saxifraga,tridactylites,,Rue-leaved saxifrage
Magnoliopsida,Scrophulariaceae,Scrophularia,canina,,
Magnoliopsida,Scrophulariaceae,Scrophularia,nodosa,Escrofularia,Common figwort
Magnoliopsida,Scrophulariaceae,Scrophularia,peregrina,,
Magnoliopsida,Scrophulariaceae,Scrophularia,scorodonia,,
Magnoliopsida,Scrophulariaceae,Scrophularia,auriculata,,Water figwort
Magnoliopsida,Scrophulariaceae,Verbascum,blattaria,,Moth mullein
Magnoliopsida,Scrophulariaceae,Verbascum,chaixii,,
Magnoliopsida,Scrophulariaceae,Verbascum,creticum,,
Magnoliopsida,Scrophulariaceae,Verbascum,densiflorum,,Dense-flowered mullein
Magnoliopsida,Scrophulariaceae,Verbascum,lychnitis,,White mullein
Magnoliopsida,Scrophulariaceae,Verbascum,phlomoides,,Clasping mullein
Magnoliopsida,Scrophulariaceae,Verbascum,phoeniceum,,Purple mullein
Magnoliopsida,Scrophulariaceae,Verbascum,sinuatum,Gordolobo,Wavy-leaved mullein
Magnoliopsida,Scrophulariaceae,Verbascum,thapsus,Gordolobo,Great mullein
Magnoliopsida,Solanaceae,Datura,stramonium,Estramonio,Thorn apple
Magnoliopsida,Solanaceae,Hyoscyamus,niger,Beleño negro,Henbane
Magnoliopsida,Solanaceae,Mandragora,autumnalis,Mandrágora,Mandrake
Magnoliopsida,Solanaceae,Mandragora,officinarum,Mandrágora,Mandrake
Magnoliopsida,Solanaceae,Solanum,atro,,
Magnoliopsida,Solanaceae,Solanum,dulcamara,Dulcamara,Bittersweet
Magnoliopsida,Solanaceae,Solanum,luteum,,
Magnoliopsida,Solanaceae,Solanum,melongena,Berenjena,Aubergine
Magnoliopsida,Solanaceae,Solanum,nigrum,Hierba mora,Black nightshade
Magnoliopsida,Solanaceae,Solanum,villosum,,
Magnoliopsida,Solanaceae,Withania,frutescens,,
Magnoliopsida,Solanaceae,Withania,somnifera,Oroval,Ashwagandha
Pinopsida,Taxaceae,Taxus,baccata,Tejo,Yew
Magnoliopsida,Thymelaeaceae,Daphne,alpina,,Alpine daphne
Magnoliopsida,Thymelaeaceae,Daphne,gnidium,Torvisco,Flax-leaved daphne
Magnoliopsida,Thymelaeaceae,Daphne,laureola,Lauréola,Spurge laurel
Magnoliopsida,Thymelaeaceae,Daphne,mezereum,Laureola macho,Mezereon
Magnoliopsida,Thymelaeaceae,Daphne,oleoides,,
Magnoliopsida,Thymelaeaceae,Thymelaea,passarina,,
Magnoliopsida,Thymelaeaceae,Thymelaea,pubescens,,
Magnoliopsida,Thymelaeaceae,Thymelaea,lythroides,,
Liliopsida,Typhaceae,Typha,angustifolia,Anea,Lesser bulrush
Liliopsida,Typhaceae,Typha,domingensis,,
Liliopsida,Typhaceae,Typha,latifolia,Enea,Bulrush
Liliopsida,Typhaceae,Typha,minima,,Dwarf bulrush
Magnoliopsida,Ulmaceae,Ulmus,glabra,Olmo de montaña,Wych elm
Magnoliopsida,Ulmaceae,Ulmus,laevis,Olmo campestre,European white elm
Magnoliopsida,Ulmaceae,Ulmus,minor,Olmo,Small-leaved elm
Magnoliopsida,Urticaceae,Parietaria,lusitanica,,
Magnoliopsida,Urticaceae,Parietaria,officinalis,Parietaria,Eastern pellitory-of-the-wall
Magnoliopsida,Urticaceae,Urtica,dioica,Ortiga mayor,Common nettle
Magnoliopsida,Urticaceae,Urtica,pilulifera,Ortiga romana,Roman nettle
Magnoliopsida,Urticaceae,Urtica,urens,Ortiga menor,Small nettle
Magnoliopsida,Valerianaceae,Fedia,cornucopiae,Fedea,
Magnoliopsida,Valerianaceae,Valeriana,celtica,,
Magnoliopsida,Valerianaceae,Valeriana,montana,Valeriana de montaña,
Magnoliopsida,Valerianaceae,Valeriana,officinalis,Valeriana,Valerian
Magnoliopsida,Valerianaceae,Valeriana,pyrenaica,Valeriana pirenaica,
Magnoliopsida,Valerianaceae,Valeriana,supina,,
Magnoliopsida,Valerianaceae,Valeriana,tripteris,,
Magnoliopsida,Valerianaceae,Valerianella,coronata,,
Magnoliopsida,Valerianaceae,Valerianella,dentata,,
Magnoliopsida,Valerianaceae,Valerianella,locusta,Canonigos / Valerianela,Corn salad / Lamb's lettuce
Magnoliopsida,Verbenaceae,Verbena,officinalis,Verbena,Vervain
Magnoliopsida,Violaceae,Viola,alba,Violeta blanca,White violet
Magnoliopsida,Violaceae,Viola,arvensis,Violeta silvestre,Field pansy
Magnoliopsida,Violaceae,Viola,biflora,Violeta amarilla,Yellow wood violet
Magnoliopsida,Violaceae,Viola,calcarata,,
Magnoliopsida,Violaceae,Viola,canina,Violeta de perro,Heath dog-violet
Magnoliopsida,Violaceae,Viola,cenisia,,
Magnoliopsida,Violaceae,Viola,comuta,,Horned pansy
Magnoliopsida,Violaceae,Viola,elation,,
Magnoliopsida,Violaceae,Viola,hirta,Violeta hirsuta,Hairy violet
Magnoliopsida,Violaceae,Viola,kitaibeliana,,
Magnoliopsida,Violaceae,Viola,mirabilis,,
Magnoliopsida,Violaceae,Viola,odorata,Violeta,Sweet violet
Magnoliopsida,Violaceae,Viola,palustris,,Marsh violet
Magnoliopsida,Violaceae,Viola,parviflora,,
Magnoliopsida,Violaceae,Viola,reichenbachiana,,Early dog-violet
Magnoliopsida,Violaceae,Viola,riviniana,Violeta de perro,Common dog-violet
Magnoliopsida,Violaceae,Viola,rupestris,,Teesdale violet
Magnoliopsida,Violaceae,Viola,stagnina,,Fen violet
Magnoliopsida,Violaceae,Viola,tricolor,Pensamiento,Wild pansy
Magnoliopsida,Violaceae,Viola,villosa,,
Magnoliopsida,Vitaceae,Vitis,sylvestris,Vid silvestre,Wild grape
Magnoliopsida,Vitaceae,Vitis,vinifera,Vid,Grapevine
Magnoliopsida,Vitaceae,Vitis,vinifera ssp. sylvestris,Vid silvestre,Wild grapevine
Magnoliopsida,Zygophyllaceae,Zephyrina,cartopifolia,,
Magnoliopsida,Zygophyllaceae,Zygophyllum,fabago,Faba bastarda,
Magnoliopsida,Fabaceae,Acacia,dealbata,Mimosa,Silver wattle
Magnoliopsida,Salicaceae,Populus,alba,Álamo blanco,White poplar
Magnoliopsida,Salicaceae,Populus,nigra,Chopo,Black poplar
Magnoliopsida,Salicaceae,Salix,alba,Sauce blanco,White willow
Magnoliopsida,Salicaceae,Salix,atrocinerea,Sauce ceniciento,Grey willow
Magnoliopsida,Tamaricaceae,Tamarix,africana,Taray,African tamarisk
Magnoliopsida,Tamaricaceae,Tamarix,gallica,Tamarisco,French tamarisk
Magnoliopsida,Cistaceae,Cistus,ladanifer,Jara pringosa,Gum rockrose
Magnoliopsida,Cistaceae,Cistus,salviifolius,Jaguarzo morisco,Sage-leaved rockrose
Magnoliopsida,Anacardiaceae,Pistacia,lentiscus,Lentisco,Mastic tree
Magnoliopsida,Anacardiaceae,Pistacia,terebinthus,Cornicabra,Turpentine tree
Magnoliopsida,Oleaceae,Phillyrea,angustifolia,Labiérnago,Narrow-leaved mock privet
Liliopsida,Poaceae,Arundo,donax,Caña común,Giant reed
Magnoliopsida,Brassicaceae,Brassica,rapa,Nabo,Turnip
Magnoliopsida,Fabaceae,Ceratonia,siliqua,Algarrobo,Carob tree
Magnoliopsida,Cucurbitaceae,Citrullus,lanatus,Sandía,Watermelon
Magnoliopsida,Rutaceae,Citrus,medica,Cidra,Citron
Magnoliopsida,Rutaceae,Citrus,paradisi,Pomelo,Grapefruit
Liliopsida,Iridaceae,Crocus,sativus,Azafrán,Saffron
Magnoliopsida,Rosaceae,Cydonia,oblonga,Membrillo,Quince
Liliopsida,Zingiberaceae,Elettaria,cardamomum,Cardamomo,Green cardamom
Magnoliopsida,Lythraceae,Lawsonia,inermis,Henna,Henna
Magnoliopsida,Fabaceae,Lupinus,albus,Altramuz blanco,White lupin
Magnoliopsida,Rosaceae,Malus,domestica,Manzano,Apple
Magnoliopsida,Rosaceae,Mespilus,germanica,Níspero,Medlar
Liliopsida,Poaceae,Panicum,miliaceum,Mijo,Proso millet
Magnoliopsida,Fabaceae,Phaseolus,vulgaris,Judía,Common bean
Magnoliopsida,Fabaceae,Pisum,sativum,Guisante,Pea
Magnoliopsida,Lythraceae,Punica,granatum,Granado,Pomegranate
Liliopsida,Poaceae,Saccharum,officinarum,Caña de azúcar,Sugarcane
Magnoliopsida,Amaranthaceae,Spinacia,oleracea,Espinaca,Spinach
Liliopsida,Amaryllidaceae,Allium,cepa,Cebolla,Onion
Pinopsida,Cupressaceae,Tetraclinis,articulata,Araar,Sandarac tree
Magnoliopsida,Oleaceae,Olea,europaea var. sylvestris,Acebuche,Wild olive
